,price
7066,6149988.0
7321,7899965.100000001
1471,5949996.800000001
6267,3229999.2
3979,7799979.0
4755,11169954.0
4629,10150000.0
5270,6989990.0
3715,7159980.100000001
981,4749962.399999999
6801,5299992.0
7909,4649983.800000001
7070,6599993.7
1268,3149984.0
5006,11667976.0
268,3069972.0
654,2599992.0
3016,8799978.0
6643,4499993.7
2835,8489988.0
4915,14420026.17
3641,6199956.0
589,3849994.2
3771,6819950.8
7842,2870999.9999999995
4205,7499947.0
4395,9349956.0
3944,5949970.0
5151,7499992.0
4527,10044000.0
1808,2979982.0
6899,7499974.0
7788,5650000.0
5610,6079997.8
677,1890000.0
3540,9199963.200000001
5386,4899999.3
7665,4949987.0
3012,8999991.0
7174,7637482.800000001
6989,3049998.0
2432,8300000.000000001
5881,6799968.0
3964,6489980.0
6345,3249991.4000000004
5800,5899982.399999999
7336,7199977.0
5004,11499963.0
1611,6100000.0
6358,3611981.84
7715,5799976.0
4490,9898937.1
6482,4499996.0
2647,7236000.0
6211,4299992.37
605,4399977.600000001
4896,8050000.0
3939,4199874.0
1468,5949996.800000001
7431,11798991.200000001
3832,6499940.2
4552,10299952.0
5097,8289997.649999999
4935,13599968.620000001
7608,9799978.2
2155,2850000.0
6318,4150000.0
7669,5649999.2
2077,5978692.5
6286,2300000.0
5184,6699985.600000001
3544,9099972.0
4778,11649974.600000001
584,3998988.0
3400,5499989.8
3779,6699998.399999999
7772,5859986.0
2807,8099990.0
6208,4249995.2
5119,8299991.600000001
4084,7499947.2
4080,7249995.0
2492,5999994.0
2939,9200000.0
7712,5849982.0
5648,5849982.0
344,2049983.6
6634,5049993.600000001
7797,4699992.0
2602,5940000.0
7780,6199970.399999999
3956,6499971.0
6207,4199990.76
3877,5549993.1
2760,7669196.82
90,1579986.0
4039,8649984.5
4231,8849960.0
5046,9690000.0
3353,4199988.0
2117,4403992.4
6517,4198995.0
6088,6649986.2
6225,4349977.7
6644,4450000.0
947,3959974.4
5470,5499989.0
6393,4249995.2
4247,9199971.0
883,4899978.0
4922,13999978.299999999
4019,7689990.0
4649,10949923.299999999
2862,7149996.0
3477,10949950.4
7345,6599968.2
5917,6499983.600000001
7758,7199993.6
7055,5700000.0
5338,4998990.0
5739,6499987.0
5621,5599994.399999999
2415,8599981.5
3689,4999992.8
6077,6499997.4
7139,7779992.4
5822,5999994.0
3780,6830000.0
5549,4899974.6
2398,8899980.0
3751,7199957.7
1710,6799975.2
6281,2779985.5
4919,14184000.0
1186,5555488.0
7834,3167500.0000000005
7693,5579984.0
5763,5999994.0
6438,4779993.53
7833,2800000.0
151,2899989.0
915,4749984.0
1305,5498978.0
2986,7629992.1
5752,6499976.0
6898,7599978.0
5288,5149986.399999999
1398,5749951.8
2519,7189980.0
183,2644980.0
3455,3249992.0
5314,5149976.8
3033,9049985.0
2417,8399967.1
471,4449976.6
967,3599955.0
5344,4799978.0
7646,6499990.0
209,2649997.9
1961,6800000.0
896,5289989.399999999
6075,6499993.499999999
2586,5349986.5
4902,7849975.0
1773,7249980.0
6558,4989985.399999999
2299,4149983.4
1209,6699974.399999999
6489,4999978.800000001
4574,9853890.799999999
6252,3399993.9699999997
1251,2949975.0
4307,8599943.799999999
3203,9072481.6
3199,9119988.0
6396,5099976.0
4313,8450000.0
292,3299966.2
2992,7700000.0
1051,5158993.399999999
4695,11199968.0
7375,8649950.4
272,3199983.8000000003
2042,3199996.8000000003
6432,5049990.0
3950,6149971.800000001
4617,10499955.0
7736,5154982.08
1086,5039990.0
6422,5083980.0
3194,9199989.5
5328,5199980.8
5741,6199977.78
5643,5199975.5
3554,8499000.0
7394,8199984.0
5398,5499975.0
3352,4099992.0
7924,4899982.58
2802,8249974.2
4043,8649985.5
613,3399993.8000000003
7862,2750000.0
3794,7099970.800000001
3799,6899963.399999999
4477,8099989.199999999
4691,11099990.0
1748,2199998.8
7227,9349970.0
7091,5700000.0
7621,8949971.299999999
5749,6099990.0
5007,11499990.0
5602,5799986.399999999
5909,6349978.5
2154,2599993.0
1344,5548982.300000001
7819,3749990.64
7812,4654976.76
7486,8489976.0
952,3999986.4
3039,9099993.6
1504,5799978.6
3320,8499971.2
7963,5499994.2
6868,5400000.0
1121,5699986.6
5488,6199987.199999999
4825,8499959.6
3836,6648995.5
3123,9499986.0
5213,6455981.699999999
3887,5548980.0
416,4998993.600000001
4747,9998958.0
2431,8500000.1
7480,8999976.6
564,1669993.0
2526,6998992.0
1224,6349992.0
142,3329983.8
1490,5989980.600000001
3032,8499988.1
6621,5149985.37
2004,2899991.5
1194,5999964.0
2877,8739973.6
2776,8299979.6
1756,7299976.32
497,3489984.0
3295,8900000.0
7828,3432000.0
912,4799964.0
721,2399999.6999999997
5835,6899984.6
4347,10999956.0
1496,5849984.0
3034,6949985.9
1520,5249978.25
5120,7949967.2
3437,7689977.1
5162,6848639.999999999
3395,5499998.0
6559,4989991.300000001
108,2399980.1999999997
1754,7499992.5
6819,5799992.0
1351,5699979.0
7858,2399996.4
4446,8499984.0
3515,9499993.99
1973,2649979.4
336,1449972.0
5037,10199990.2
5644,5699987.2
7370,7499973.300000001
3027,7849982.2
2943,8389984.8
3961,5889998.399999999
724,2400000.0
765,3049971.1999999997
6203,4398978.399999999
3885,5099945.899999999
4509,9600000.0
307,3799980.0
1278,6349964.399999999
3946,6198974.600000001
4861,10198947.5
6241,3998988.0
5242,6989984.0
7264,5758552.8
1791,2599964.8000000003
4168,8248967.999999999
5457,5999977.3
5647,5550000.0
2053,2982000.0
4989,12199992.0
3094,8700000.0
71,1937999.9999999998
3238,9299974.8
4071,7699958.199999999
4113,7349958.0
3299,8714999.2
4801,11489976.0
1260,5498990.0
1666,5989973.699999999
5898,6699960.0
4050,7998980.0
5699,5499982.8
8006,5569992.0
2167,3099999.0
7626,8800000.0
2533,6799995.0
1695,1999984.0
1095,5989995.2
6033,6589985.999999999
5868,6349991.0
5862,6659997.5
1630,6448997.25
4912,12400000.0
1881,7900000.0
6055,6999988.0
5375,4700000.0
1612,6499962.0
978,5099974.0
4609,10587950.799999999
7603,10539953.6
6480,4999992.0
848,4399985.0
3784,7199950.600000001
5594,5949997.7
2271,3399990.0
2392,8999982.0
4192,8248964.0
1830,3029984.0
4304,8499941.0
47,2349988.1999999997
4209,8199996.0
1350,5544961.9
7459,9989901.0
4012,7649941.5
446,5149980.0
2248,4099991.5
1743,7649964.899999999
844,4199999.0
3908,4799984.600000001
2868,7849980.0
5310,4788000.0
2440,7864786.3
678,1999998.0
3412,5750000.0
4512,9289956.1
1294,5899962.699999999
6249,3374992.0
3857,6199949.600000001
4829,8149949.2
7485,9250000.0
8002,4299981.0
4796,11499950.0
1112,5999994.899999999
776,3498984.0
7573,13499991.600000001
2231,3398988.3000000003
2228,4499997.600000001
2153,2799997.5999999996
5452,5999975.7
5750,6349989.9
6466,4400000.0
1366,6399961.4
1469,6199985.0
1851,7998964.050000001
1963,2739989.0
6597,5499976.93
4810,8399970.3
4634,10799983.95
3898,4589946.0
485,3598995.1999999997
2239,4249984.8
6273,2589993.5
6062,6699972.5
4471,8198960.0
6707,2700000.0
30,2869973.6
1879,7899960.0
5814,6149977.0
2960,7799980.1
6437,4689989.640000001
3410,6126995.2
5176,6630750.0
5483,5989971.2
1036,5099968.5
636,2869995.1999999997
5095,8499976.9
7658,5982688.5
1083,5299985.6
2615,5299992.0
861,4989975.899999999
4046,8150000.0
903,4979970.0
3688,6899965.800000001
109,949988.0
7702,6499974.600000001
4487,7998997.5
6828,6489976.4
3003,8929967.7
6730,4489997.8
3842,6449956.7
5886,6649973.0
1831,2149991.5
5309,4649983.2
3091,8999991.0
782,3599998.2
7815,4349980.2
7546,9649965.0
4745,9849963.0
7279,6339995.2
5554,4799995.2
3707,6199968.0
1825,2999994.0
2617,6869980.5
5525,5149976.6
1094,5699974.800000001
5934,6299985.600000001
4034,8399989.71
3393,5949996.5
4880,10739950.0
3337,8949987.3
7308,10199941.5
1654,6999983.2
6562,5285000.1
7558,6849980.2
2323,4050000.0
2413,8799980.399999999
6142,5899990.2
2654,5799982.5
6349,2989992.0000000005
2678,4849999.600000001
7026,7889998.8
5219,6499990.62
7270,6318000.0
5015,11099996.0
3443,7699985.199999999
178,2583000.0
6593,5749982.0
4680,10399980.0
4404,9399970.5
1204,5789993.0
2202,2700000.0
7138,6049989.0
6504,4889983.12
6183,4399990.7
6717,6549997.5
7964,5299987.0
7714,6231226.24
1770,7199992.800000001
829,4348985.0
941,4200000.0
5513,5349978.0
2486,6499983.999999999
627,3799980.0
3624,6419996.0
4722,10599976.0
925,4499964.0
295,3499980.0
1052,4999986.7
2707,5200000.0
5900,6749995.199999999
4370,10299969.1
3927,4299996.0
2789,7999996.899999999
944,4999980.899999999
7808,4199979.3
6649,4599984.399999999
12,3299981.0
1117,6100000.0
5841,5799982.5
7835,2799990.0
3541,9299934.799999999
3131,5349982.0
5278,5399971.2
1319,5399986.3
779,3249979.8000000003
7825,3200000.0
7329,6489991.2
4570,9699993.0
6340,3449997.0
433,5298972.800000001
653,2349987.3000000003
2477,6998992.0
4224,8049986.399999999
6719,5799963.0
7248,3749990.4
6841,5349974.8
3065,8399998.799999999
7806,4199982.3
3656,6699974.399999999
2886,8699990.0
6465,4509989.91
3125,4699995.0
5844,6599978.0
7233,9199994.5
3721,6949995.0
5573,4989983.0
7973,5699986.5
570,1480000.0
1448,6699995.899999999
4189,8199940.0
6472,5100000.0
4299,8548979.700000001
6550,5549985.2
1745,7699957.0
2741,7199990.0
1590,6989975.1
4710,11449976.0
287,3399987.5
1738,2059992.3
6412,5149992.96
7077,6667990.0
7553,10999982.8
7613,9849984.0
4791,11299957.5
6622,5400000.0
4650,10950000.0
2827,8249007.6
1684,7200000.0
5227,6383970.220000001
1338,5548960.0
5128,7899969.0
2742,7499991.600000001
6530,5149994.0
6576,5259985.0
3880,5249975.0
4482,7999993.199999999
2902,8499988.799999999
2258,3949994.6
4712,10399992.899999999
4868,10699963.200000001
3966,6749952.300000001
7033,7199987.199999999
7012,4199990.4
4416,9299990.0
1564,6219990.5
6121,6369980.399999999
4661,11299981.6
7611,10199981.05
3163,8999977.1
2185,4150000.0
3882,5699946.100000001
1231,7299970.0
5049,9598973.4
1258,6199969.7
2254,3900000.0
1951,3099958.1599999997
7447,9199967.0
113,849992.0
6803,4800000.0
2509,7200000.0
5872,6349970.6
4058,7999997.0
2973,8199984.0
2548,6624987.06
3413,5699995.7
507,2799984.0
5744,6179968.199999999
4098,7399994.100000001
3529,9349994.0
7363,4049964.1
5202,6699972.0
4076,7449979.999999999
5300,4949973.0
2850,7699986.0
4693,10749947.8
4270,8798961.5
7537,7949956.0
350,3699980.4
7175,7645990.8
2906,8644984.5
4604,10499998.8
4575,9948971.200000001
2505,7599989.9
2620,6899986.800000001
4343,10999968.0
1114,5999980.0
2846,8476982.700000001
5663,5799976.7
298,2749988.0
1675,6899970.0
7276,6448128.0
7589,12017970.2
3409,6346982.399999999
6111,6979988.8
6540,5360997.319999999
3616,6599950.0
5286,5299977.0
229,2349984.96
76,1779986.3
3922,4299970.2
7081,5869998.0
7800,4399991.2
5160,7200000.0
2103,5529996.0
7347,6799995.0
3611,6699966.0
3460,8100000.0
6351,3749998.0
5556,5299994.7
7064,6717990.4
1614,6739992.0
607,3699984.0
7521,9649976.0
4734,9689988.0
1093,4699994.0
3148,8999994.600000001
2622,6699982.6
7160,8299975.199999999
7866,2720000.0
8009,5400000.0
203,2550000.0
2387,9199971.0
4716,10349979.200000001
4615,10498995.0
837,4998985.2
2934,8899968.0
6890,6349990.0
7944,4300000.0
1230,3399987.0
6087,6699996.0
1609,6299982.0
7494,10998999.0
3708,7300000.0
5040,10549998.9
7230,9299980.799999999
4292,8659961.9
2732,7274300.0
3322,8849988.6
6157,5529994.100000001
5317,4949977.5
4126,7949991.4
4383,9799987.2
3742,7250000.0
6116,7199993.2
3151,8749981.5
3497,10199980.8
7605,9999981.6
657,4249984.0
790,3098982.6
3076,8200000.0
4879,10899993.6
6609,5099982.32
2561,5749995.6
3977,6589980.0
1359,6049981.0
5885,6789978.5
2347,4590000.0
5438,6299985.6
7303,10799992.0
2781,8399976.9
3260,9199996.0
5888,6849984.68
6089,6200000.0
7004,3499992.8
6035,7418517.0
615,3459972.8
2575,6200000.0
6129,6199975.6
2314,3899996.0999999996
1705,6999980.0
5684,5549974.800000001
3821,7449984.0
6881,6049974.3
1780,6900000.0
3392,5699997.0
803,3889984.0
857,4849981.0
6865,6349993.3
4684,10499972.76
990,4979970.0
5922,5789988.0
4240,8489992.0
6616,4999970.69
5666,5799992.0
219,2999980.8000000003
3889,5199957.0
1288,5989974.3
582,4199973.0
2618,6699981.6
43,2499981.0
1234,6549973.100000001
7132,4849988.399999999
7579,12899976.0
6193,4389996.8
7747,6989989.8
1892,7598977.300000001
4885,10598992.5
7017,4899999.5
4590,9149983.0
6626,5250000.12
1071,5098993.7
718,2349984.0
2364,5199990.0
1505,5649990.0
670,2199996.0
4620,8399980.6
2952,8998974.600000001
4842,9299989.9
6411,5099976.100000001
4656,10989962.0
897,5199981.5
6451,5200000.0
2666,7325000.0
2890,8249978.0
4151,6799978.2
1530,5400000.0
8004,4598992.26
6704,2599973.1999999997
6280,2599996.0
7650,6071274.779999999
3833,6579990.0
6991,2999993.0
3774,6849975.0
3383,5399997.600000001
6115,6699970.65
1874,7649978.15
2370,5249989.5
1769,7499999.15
5830,6594996.0
6247,3779999.9999999995
1983,2849997.6
531,2299984.1999999997
5748,6399981.0
6049,6998990.600000001
6074,5999978.399999999
2881,8644984.5
81,1749996.0
3914,5599998.8
6523,5199981.3
3279,8699983.200000001
2163,2389992.6
731,2499992.2
2339,3199996.8000000003
5832,5999986.8
2232,3398999.5
3787,6999988.899999999
4059,7899998.399999999
7552,10349977.600000001
5263,5849979.0
5469,5399976.5
3209,9024995.0
7234,9299992.5
6505,4849988.2
2705,5099979.6
1255,2948877.5999999996
2104,5599984.0
4320,8799936.8
4417,9349994.0
4584,9398970.0
898,5299993.600000001
428,5489998.399999999
5548,5099987.2
6431,4409997.1
6275,2899988.5999999996
7726,6299990.4
1222,6549993.5
3286,9300000.0
6907,2599981.08
5757,6299994.4
5156,7299967.999999999
5313,4499985.199999999
6054,6849993.3
1621,6899970.0
7158,8389975.5
3164,8999991.0
4326,11864967.4
6399,4749999.8
1096,5849970.0
2715,5989988.9
2072,6032691.0
7239,9199990.8
5391,4249976.0
7286,7799976.0
6246,3899992.5
6761,3000000.0
2588,6317480.0
1788,6919982.399999999
5815,6099974.0
3960,6299953.0
528,2399996.1999999997
7424,8599985.200000001
192,2599978.4
4294,8800000.0
1126,5689966.5
3478,6688476.0
7021,3610000.0
3479,10999951.200000001
304,2724972.9
4031,7999974.5
1292,5999966.300000001
70,1990000.0
5874,6699985.600000001
4581,9599960.7
2687,4989985.0
6168,5249985.0
3662,5999966.04
831,4699982.7
3994,6989964.1
1456,6299989.600000001
4024,8100000.0
4905,14799994.0
238,3619980.0
92,1890000.0
2977,8099984.199999999
7124,4598991.8
7362,4200000.0
5510,5353998.0
3934,5949949.4
4421,9499946.889999999
4519,9999956.200000001
4230,8700000.0
5048,9999988.8
1001,4899972.0
4147,7649987.800000001
7675,5799973.199999999
2377,5099980.6
6416,5149999.399999999
6693,3049994.0
6606,4981988.0
4051,7999957.800000001
1532,5799976.0
2410,8699985.799999999
7449,7999995.199999999
411,5399975.0
4184,7899968.0
7682,6098990.6
7741,4899984.0
2805,8199981.0
7399,8399952.0
7062,6469446.5
3082,8199987.8
4450,8599986.2
1736,2499999.6
3668,6499980.0
5036,10199992.74
7310,9799953.0
6343,3300000.0
6110,6849990.0
3411,5999995.300000001
633,2749984.5
3021,7499996.6
498,3809989.0
3755,6799956.399999999
2463,7999974.800000001
7864,4500000.0
637,3699990.1
720,2398992.0
288,3089975.0
757,3149995.0
3288,8549987.0
3783,6499993.5
3089,8399986.3
4371,10148980.0
4764,11360000.0
4812,9398979.8
449,4899970.0
596,4500000.0
3612,6799950.0
1068,5089986.0
1942,3099984.0
1647,6499993.5
3982,7599987.699999999
5277,5500000.0
2700,4849985.0
1700,1849980.2400000002
6427,4899975.600000001
4761,11499937.2
3932,4099995.9
2942,8999973.3
6572,5252975.350000001
3487,10989990.0
7257,5899998.0
2123,4186000.0000000005
6199,4299997.8
86,1519989.5
2308,3749994.4000000004
2677,4999995.600000001
5409,5499983.7
5866,6389966.0
6674,5598984.9799999995
2594,5999990.9
5216,5759981.699999999
3058,8500000.0
1029,5499970.0
3968,6698947.0
2876,8799977.6
4511,9649995.0
3482,6699996.0
2144,3150997.5
6261,3049993.6
6327,3549994.8
5033,10349985.9
1200,5899968.0
2025,2569997.0
621,3289988.0
7288,7799990.0
566,1449990.0
5783,5689999.399999999
1837,2249999.1
1334,5598983.3
3886,4999948.0
7617,9548923.200000001
2099,5099989.399999999
7258,5900279.8
3422,7749960.0
4335,11249995.0
1688,2149992.0
745,2749993.2
7250,4089993.6
5487,5999983.399999999
2187,2850000.0
195,2799962.4
1152,5619988.77
3428,7989993.0
6047,7100000.0
802,3900000.0
4923,14196160.0
2350,3500000.0
5867,6680000.0
7508,10999950.0
7256,5600000.0
5190,6609700.0
2068,6229793.600000001
2907,8499983.0
3574,8149979.199999999
6192,4400000.0
644,2598991.0
7087,6000000.0
6012,6699996.0
3458,3199975.0
3790,7589960.5
7764,6299990.999999999
120,2399981.76
1777,7499975.0
2981,7979972.2
4279,8299959.0
3074,8500000.0
7894,4749984.0
5214,6299974.8
6999,4399995.6
3035,8499970.4
2135,3631399.1999999997
5567,5089983.0
4899,15107400.0
134,2199998.0
7442,9998940.0
4128,7849000.0
4359,10299993.4
5012,11599989.1
3773,7499969.399999999
7774,6149976.3
2559,6300000.0
62,2099991.8
7986,5199977.0
6978,3589986.9
4315,8699958.9
1642,6999975.0
6073,6349980.0
2467,7989993.0
679,1950000.0
4486,9499982.4
741,3099992.4999999995
1211,6599988.0
2170,2699995.2
6050,7000000.0
5485,5799992.800000001
5335,4949997.3
2900,8699985.0
3258,9349987.5
567,1399996.6
1873,7700000.0
648,2599982.4000000004
2596,6099996.8
1717,7499965.600000001
6645,4294992.0
2843,8499990.0
1392,7149984.2
7186,8549973.9
7550,10299982.0
5341,4899982.5
3473,3449973.9
7368,7800000.0
489,4099967.6999999997
493,3789000.0
690,2699992.8
7868,4209984.0
602,3599989.1
1911,8099979.75
5520,4999974.399999999
3980,7499968.0
5908,6699976.85
5685,5499998.399999999
3550,8899951.5
3765,6799975.0
5495,5599994.399999999
2366,5599998.3
1187,6099993.899999999
274,2980000.0
6445,4899996.9
5853,6579982.5
1361,5998996.800000001
3805,7189998.9
1526,5599981.199999999
7505,10498951.8
4157,7599945.600000001
7891,4815984.64
1551,6149980.800000001
330,3099992.0
7533,11499975.0
1337,5399982.0
3686,6549955.2
945,4899966.0
6303,4479992.5
2250,4249999.8
6307,4094000.0
801,4049976.0
5606,5599995.2
2346,4800000.0
68,2100662.1999999997
5875,5998980.0
5703,5449986.0
2784,7999974.800000001
1598,6849968.4
4213,8199980.800000001
4728,9696800.0
6007,6989980.800000001
1503,5599996.8
6044,6999980.0
150,2999992.0
2804,8149986.0
5071,9799959.0
2086,5799990.0
7304,10989990.0
2259,3849986.6
6338,3499992.0
7244,8299976.3
7581,12699988.5
5915,6299989.0
859,4499982.100000001
3491,10899960.0
4991,11999962.0
7562,14299982.0
6708,2430000.0
4127,7899948.0
5958,5044985.0
366,3499987.5999999996
1432,6989978.4
4309,8599939.6
5622,5598984.8
1779,7499998.8
4898,12749966.0
5937,6199987.6
1818,2299988.0
5973,6484998.3
841,4649984.6
2704,5019995.7
1189,5999994.0
175,2399989.1999999997
4447,8450000.0
7535,8999961.7
617,3332984.4
2093,5963601.6
3308,8899990.0
5827,5599973.4
3838,6399981.0
82,1849982.9000000001
5093,8699972.7
3208,9119979.1
816,4099977.2
1030,5489979.6
5229,5979987.0
300,3499971.4
4466,8500000.0
1472,5959977.899999999
283,3099967.0
2028,2499984.0
4316,8589926.4
4918,14299987.0
6357,3699994.3000000003
2915,8644984.5
1813,2799984.0
1271,6099993.9
5474,5389977.600000001
4331,11499990.600000001
3513,9399941.3
5968,6499984.0
5081,9699994.0
6277,2940000.0
3150,9299981.700000001
820,3998998.6
2313,4149982.1999999997
2008,2999986.0
4838,9099968.0
2642,7410365.4
4508,9699984.0
7302,10899980.0
2305,4499995.5
7167,7989992.5
5774,5899981.0
99,1699980.5999999999
4704,11099965.5
744,1969994.0
7694,5699988.6
7412,8799985.5
3984,7299978.0
480,3799983.5
5307,4589989.2
7773,5999983.5
5667,5549998.5
1157,4999986.4
6788,5499972.0
7660,6249997.600000001
6251,3589990.1100000003
1437,4899979.0
2414,8599998.0
4694,11199949.799999999
402,6199993.0
5448,6399974.0
2195,2849994.0
949,4849965.0
3852,6199944.399999999
2067,6289588.8
4159,8099996.8
7200,7500000.0
668,1899993.6
218,2969977.0
3366,4649999.7
7713,5699986.5
1962,2949967.5
6004,7199985.0
5910,6199974.0
2213,4899995.0
2633,6498988.0
1659,6749974.0
7038,6999998.4
6652,5149989.600000001
5996,6630750.0
5493,5599976.0
2145,3000000.0
777,3534988.0
2434,8499985.0
3066,8299978.4
6220,4249986.8
5754,5949971.199999999
4586,9849956.8
6112,6813179.999999999
1491,5999972.0
3545,8489982.799999999
3153,8799973.5
3785,6749964.0
3706,6998994.0
7910,4599998.100000001
7484,9199992.4
4647,10899963.0
517,3299997.8000000003
3955,5999988.0
4165,8499959.1
4534,10099938.0
5501,5599974.9
7793,4603982.5
6136,5999980.0
1415,5490000.0
568,1499992.2
360,3349998.7
4054,8499941.0
6905,2949999.0
5223,6289980.0
4436,9589998.0
3100,8999978.700000001
7058,6999993.0
759,3550000.0
3548,8699980.8
4386,9999991.200000001
7530,11799975.2
7724,6499983.600000001
6506,4849999.2
7151,6991379.2
214,2899980.0
3803,7199876.4
5818,6699981.1
3703,7444990.8
4871,10499995.799999999
3639,6499962.0
4686,10999994.5
1473,5799964.5
2244,4249985.6
725,2649996.0
6418,4889986.4
3560,8539992.0
49,7489965.800000001
6278,2850000.0
5970,6349967.58
3130,9499979.5
887,5289984.0
7014,3649996.5
6728,5649971.4
2893,8457988.1
5541,5100000.0
7238,8799999.6
516,2569990.5
3168,8800000.0
2949,8399979.5
7950,5158984.0
139,1999996.0
3834,6489998.4
4201,7799936.5
5351,5099987.2
3197,9099965.0
5400,4149999.3000000003
112,2199987.6
3195,8549979.9
463,4329969.0
4952,12989997.0
1233,6349972.2
3250,3899997.0
594,3649970.1
4872,10799984.0
450,4749978.6
4988,11999976.76
3277,8599987.200000001
4139,7099995.899999999
4955,12899978.6
312,3689972.0
4002,8349997.600000001
7526,11890000.0
4667,11149933.5
4857,9749949.0
7240,8599995.299999999
5402,5499987.3
451,5099988.6
3166,8999988.3
6109,6199966.8
6476,4249994.4
3626,6299976.0
890,4799964.0
2763,7899984.0
658,2598998.4
1506,5498998.7
4022,7599952.399999999
4560,9999000.0
7497,10699976.0
999,4899988.0
389,6179976.0
3407,5989988.399999999
2330,3249995.1999999997
1476,6499966.0
2240,4449991.0
7202,8499996.0
7213,9099997.5
6686,4998000.0
3947,6499956.8
6758,2289997.8000000003
2972,8699969.9
3386,5949979.2
2775,8099992.799999999
1923,6749989.399999999
758,3089996.0
700,1799995.8
7016,3849890.0
1293,5798987.399999999
7069,6649999.2
2873,8699989.200000001
6705,2699984.1
2535,6649992.4
6736,2999991.1999999997
1907,8199961.6
7763,6148980.6
5572,4849980.0
368,6899995.5
1937,3179965.0
5359,4999987.0
1151,5689992.0
7680,5899992.0
5096,8499994.200000001
4198,8148953.199999999
7108,6499995.600000001
3010,8882468.799999999
7877,3299989.0
191,2700000.1
5110,8089990.8
7762,6199974.899999999
174,2529987.0
1903,8298990.0
1099,5839984.8
8001,5299999.7
3646,5989993.8
3408,5753899.8
4248,8849958.0
2292,4199995.8
6981,3379995.5
7786,5899979.7
5327,5149980.0
7504,10849981.9
1164,6399985.8
4500,9889976.0
4657,11199840.6
6827,5569992.600000001
7180,7749978.3
5028,10799989.200000001
3664,6499984.0
5680,5499982.8
1661,5999976.0
508,2949988.8000000003
166,2700000.0
4161,6649980.0
5521,5099993.5
1006,4699986.5
5600,5799994.5
3269,8899989.0
5411,6499977.0
3494,10499965.0
4689,11159946.0
103,1199996.0
3265,8989988.5
1111,5949981.6
4874,10899954.0
4086,7299993.300000001
1104,6299983.199999999
6521,4499987.100000001
1752,7449987.0
7157,7599993.5
4513,9999945.1
4462,7799970.0
5516,5300000.0
2916,8499976.8
6223,4333997.22
1658,6199965.180000001
152,3099984.0
4407,9399915.0
2483,6424890.0
1583,7299993.04
6742,1800000.0
2552,6101986.8
7840,2699000.0
3942,5949974.399999999
3551,8349974.4
3722,7149972.0
4377,9949941.4
7861,2730000.0
5708,5449982.4
7001,3499992.8
2209,5000000.0
4453,8599996.0
7980,5098983.0
5903,6699989.600000001
2985,7799978.999999999
1822,2249982.0
4483,8499982.4
6300,4500000.0
4698,10443990.0
7841,3019500.0
7540,8299972.8
309,3199970.4
212,2249970.0
7584,12189894.200000001
4818,8499997.0
3599,7149954.0
3622,6879990.0
4392,9500000.0
7387,7798955.800000001
3450,7899984.0
495,3349979.5
5756,6399998.0
3256,2699992.8
205,2499995.0
1434,3700000.0
1135,6099987.600000001
2584,5199980.8
868,4550000.0
2749,6749801.100000001
3613,6800000.0
305,3699960.0
1849,2499992.0
4246,8889939.9
6362,3699991.36
1988,2499989.4000000004
3240,9299986.0
2798,7998969.0
4546,10299960.0
1534,5400000.0
3109,5249004.5
843,4999978.8
1987,2498990.0
5518,5499974.7
6229,4499988.0
1714,7499965.600000001
383,6499975.0
1538,5149985.37
211,2649984.0
3388,5799989.100000001
7863,2601000.0
1957,3149969.88
7332,5699965.800000001
2438,8599988.4
2727,7558995.1
4685,10949955.0
6105,6299973.899999999
1349,5489988.0
6557,4899972.4
4110,6549998.5
3580,7399960.4
6355,3799991.0
680,1799998.4
180,2489982.0
7623,8649997.8
4550,10299940.0
7402,8099982.0
6154,5299982.4
278,2999985.5
3855,6189944.199999999
3319,8499972.1
3252,9199990.0
2518,7199996.800000001
2480,6838997.699999999
289,3349995.0
3075,8339975.0
4996,11799966.64
4336,11098980.0
6027,6999984.0
993,4989996.0
3235,9271023.200000001
2236,4499992.0
7989,5411241.74
39,2848979.2
7809,4498313.600000001
5833,5999974.8
7570,13499972.64
2754,7599997.800000001
6424,4899978.0
5041,10299998.4
270,2800000.0
3892,4999968.0
2883,8739973.6
6549,5549998.5
7519,10500000.0
6724,5999972.0
7214,9000000.0
6904,7599984.0
6858,6699980.0
111,2199995.1
3218,9199971.0
1391,5899984.2
2600,5849997.600000001
220,2899997.1
7211,9199976.7
4834,8949971.8
3973,7799999.9
7136,6960000.0
83,1949995.2
873,5100000.0
7423,8899920.0
5021,10999970.04
461,4600000.0
7048,6999993.0
7491,10499970.0
551,1649995.2
4537,10699973.0
2374,4999995.0
7867,4499996.8
5382,4899992.5
2246,4249997.5
7541,8499952.0
4562,9998985.5
2450,7759999.999999999
2329,4350000.0
6723,5099980.6
2146,2950000.0
5718,5999972.0
6511,4499987.100000001
7851,2800000.0
650,4289997.600000001
7532,11499954.799999999
708,2399995.2
6851,5749972.8
4275,8489960.0
4375,9899941.5
4194,8298991.0
3063,8499992.299999999
5384,4299974.4
3349,3749992.8
1424,5849996.0
1216,6699991.0
6312,4099994.4
1924,7349990.4
104,1652990.0999999999
1064,5299971.600000001
3786,6849999.0
314,3259985.7
1289,5989986.0
4461,8199991.8
1427,5279995.199999999
4626,10499931.799999999
6310,4399995.6
3129,9439990.0
5759,6149969.100000001
6486,4899979.3
3008,8900000.0
6632,5489976.0
1105,5699980.0
7707,6349985.0
5906,6699966.0
4939,13499968.799999999
8008,5199990.0
4352,10999986.299999999
684,2099990.5
7351,6499964.399999999
5166,7149968.4
2765,8483975.0
5753,6349968.800000001
6179,4589982.0
4949,12999968.399999999
3682,5989962.38
7341,7749963.1
6996,3349990.8000000003
6245,3698996.0
2451,7489988.100000001
4112,7499973.800000001
5492,5649984.0
3824,7299996.0
326,3149980.0
2652,5989999.4
6702,2199990.0
7753,6749995.0
2176,2850000.0
4411,8989990.799999999
4746,9599975.0
6937,5999983.2
3318,8699985.0
5366,4499990.4
7182,8499993.6
4303,8499960.0
2787,8400000.0
6216,4549990.0
4195,8299969.5
1676,6149994.0
7222,8400000.0
348,3899986.0
5858,6499984.0
3226,9499974.0
4394,9509952.0
5591,5499000.0
1626,6599985.0
7790,5649982.0
2503,6999984.0
5791,5499976.0
2369,5099999.0
871,4989972.0
4709,11249988.4
2217,3599992.2
7813,4499989.2
2218,4699992.0
3326,8599990.0
6933,2999982.4
3583,7999000.0
7659,7099983.0
5379,4989992.8
2121,4099995.1799999997
5064,9898960.5
136,799993.2
6287,2300000.0
85,1620000.0
6681,5199999.0
1877,7499970.36
2801,7899990.0
3671,6099984.39
7563,14198972.1
6969,4089995.6999999997
2640,6499992.0
6862,5999986.8
7335,6899949.5
2880,8499985.899999999
7710,5599986.0
494,4099971.6
2019,2749992.0
6038,6999993.0
2525,6999978.7
4816,9499940.0
4105,7499980.0
6200,4149988.17
5913,6499980.0
1270,5949982.999999999
4463,8249964.600000001
7015,3649996.5
2895,8649986.200000001
6189,4599985.2
6624,5499990.0
618,3999982.5
6860,6199979.0
3425,7999968.800000001
4442,8799958.799999999
4852,9599948.9
7380,7948950.0
4373,10199932.0
4041,8299957.699999999
4782,8989955.0
1413,5499977.5
2201,4050000.0
2001,2299981.0
7295,6949980.0
869,4949991.2
2358,4599988.0
2006,2749994.0
3090,8999973.3
2321,3550000.0
5565,4949969.8
356,2199997.1999999997
1162,5999975.7
6096,6399993.600000001
3064,8149996.800000001
7511,11449957.0
3161,9199995.4
3770,6699950.399999999
5484,6000000.0
5061,9719957.0
2607,5849990.399999999
7897,4900000.0
1890,7900000.0
579,5049993.0
2319,3949988.0
4332,11599981.600000001
7105,6799998.2
3563,8498952.0
1691,2299998.0
862,4649978.699999999
5877,5699979.600000001
4950,12999984.0
2380,5049987.8
2378,9399990.0
6954,4949994.0
3792,7349994.3
5588,5500000.0
5665,5499984.0
3306,8699988.200000001
6212,4320000.0
3499,10038943.700000001
4397,9299980.799999999
1116,5900000.0
1541,5949997.7
6080,6699992.0
6174,5099992.01
7371,8149958.1
6238,4199990.5
7998,4899984.0
5422,6299990.4
6400,4599984.0
3661,6799985.5
5816,6999974.399999999
5371,5149980.0
5234,6099985.0200000005
7846,3100000.0
3365,4199995.6
5808,5849998.0
2500,5949983.0
7085,6000000.0
4505,9649982.0
7107,6390000.0
4290,8799992.7
7118,5699986.2
7879,3450000.0
3809,7499965.0
4367,10299984.0
7095,5499984.0
5137,7949100.0
7632,7999997.0
4264,9098995.0
4730,10499970.0
6796,5799984.899999999
5337,4998988.8
7678,4799977.2
3667,5799986.2
2052,6299983.199999999
7716,6199966.609999999
1776,7499991.600000001
6805,6199999.399999999
3313,8494994.0
4925,13932000.0
2536,6799989.6
5764,6099993.9
4475,7999995.600000001
1592,6899993.100000001
1723,2149991.5
3509,9679953.0
6276,2999998.6
4173,8499958.2
2611,5498990.0
6842,5209996.0
5462,6249993.0
490,4170000.0
6740,3299985.0
3483,10699975.0
3431,7489998.24
4148,7599938.0
5067,9414990.0
25,3099980.0
7131,4644486.0
2409,8799998.2
3270,2899988.0
1552,6149980.800000001
6849,6099966.0
6639,4649975.8
3871,5499948.8
3402,5259983.699999999
979,3589974.6999999997
2655,7749984.0
1847,7499988.0
7428,11889948.0
5527,5199980.4
6694,2899989.0
6595,5199988.800000001
4751,9479995.0
1102,5919977.9
3276,8749992.3
4860,10189962.0
7223,8300000.0
7836,3399991.2
3996,7499959.600000001
194,2649985.0
643,4449973.5
3285,8499975.9
3116,4699987.5
3575,7498977.5
6573,4899984.0
2207,4989999.5
3718,7149982.0
972,5099971.8
719,2249996.0
7172,8500000.0
3896,5299982.5
2803,8189984.0
2566,6699994.7
4025,7999970.0
32,3149984.0
6309,4094000.0
4063,7998977.2
6467,4499996.8
1697,7599996.0
2792,7899983.2
2222,3599998.5
3764,6599994.0
3866,5719950.0
6065,6199980.0
6454,5699979.38
5629,5399983.0
4671,11249955.5
3758,6998985.0
5345,5199969.600000001
3227,9498991.0
5630,5499995.0
3904,5789991.9
2277,3150000.0
7592,11499971.2
1401,5999957.2
739,2099988.0
4908,12282996.0
7739,4999995.0
6481,5199999.0
5737,6199995.0
4284,8898956.0
4520,10056000.0
674,2349989.4
4535,9999975.0
3841,6519980.5
1815,7849980.0
7997,5289988.8
7760,6689985.399999999
6854,7298973.0
4817,8498982.299999999
2100,5099990.0
6752,2649990.0
2101,4950000.0
4593,9199992.6
1548,5949990.0
7315,8699982.0
3323,8500000.0
7837,3135000.0
355,2249999.7
1461,6299974.8
7101,6810000.0
3220,9499974.0
5725,5998989.3
6514,4489996.600000001
1751,7498960.0
5261,5900000.0
4995,11899985.0
1772,7499976.0
1196,5899977.600000001
1878,7659997.739999999
2668,5299997.1
7994,5199984.7
2016,2599992.0
2005,2999970.0
3893,4776975.0
3237,9099979.5
2078,6266816.5
396,5948999.1
2788,7999974.800000001
4708,11199943.399999999
4072,7999974.800000001
5625,5399989.8
4769,10989946.799999999
1519,5199994.0
6900,7389996.2
1378,6149977.8
1023,5999980.0
2587,5199997.5
5023,10999984.799999999
2857,7499980.0
5459,5998996.0
1629,6348992.0
3523,9199995.5
6977,3719989.0
3607,6998961.6
7153,6799990.999999999
234,2199977.0
6528,5249983.489999999
3796,7889973.0
4118,7499962.4
3800,7619991.600000001
4961,12899980.799999999
5904,6699981.899999999
1948,2699992.8000000003
7119,5499992.7
4965,12663000.0
3492,10899952.0
2671,5200000.0
6672,5100000.0
2224,3398983.4
1106,6099984.0
6607,4999995.74
818,3999993.5
6244,3589990.04
6176,4599990.0
7110,7699983.199999999
888,5299000.0
2437,8499992.600000001
817,4098976.0
3414,6047989.0200000005
2341,4899999.5
6583,4999984.8
3167,9008993.6
5923,6794985.7299999995
7880,3149994.4699999997
1264,5999993.999999999
7390,7849988.0
5785,5499989.0
7127,4849988.399999999
1228,6549969.2
4793,11699968.0
52,2299995.8
4823,9294400.0
5661,5799994.5
159,2749971.5
4962,12799976.0
1587,7300000.0
1589,7099970.8
4639,10799989.8
6488,5199997.2
5054,9999970.9
3858,5999976.0
6766,2099994.0
2828,8250000.0
436,5249979.0
6274,2300000.0
3878,5604972.8
1588,6699991.2
2780,7989993.0
6516,4949991.44
5911,6749989.4
5897,6599973.0
973,3479992.0
1238,6299981.0
2951,8699988.0
2342,3150000.0
7468,10199936.100000001
6846,5599980.0
1497,5849965.8
4257,9499939.200000001
2422,8499990.4
7112,6299983.2
7703,6489974.0
6903,7199996.4
2092,5479999.0
2015,2699998.0
6630,5099998.2
5846,6799973.3
187,2579966.0
4529,8939996.1
3655,6289955.800000001
3426,7899987.0
4743,10799976.799999999
1381,6199985.0
4907,14900000.0
413,6099979.899999999
3336,3399993.5999999996
3606,6949983.6
7509,10989955.200000001
5842,5949970.0
6930,2589994.0
256,3150000.0
7958,5389982.0
7854,2249995.0
2235,3398998.4
1767,7499997.4
4236,8499960.0
6579,4942344.0
1572,6900000.0
24,3079986.0
6337,3649996.0
1088,4849997.600000001
2694,4499995.199999999
4985,11799974.0
3398,5999982.399999999
3559,8399980.2
6772,2489994.0
2841,8499978.0
2311,3999996.0
5575,5299998.9
7609,9999990.0
4152,7249956.0
1309,5299959.0
695,2139993.9
4401,9489958.0
3752,6999971.0
1227,6299972.640000001
1999,2272989.04
276,3049966.4
4467,7999992.0
4668,10498993.2
6353,3646827.33
7122,4650000.0
5428,6799974.0
7547,9699953.4
7976,5249976.859999999
7954,4600000.0
1137,5799964.8
2767,7899991.0
5377,4379986.0
7113,7259986.0
942,3899992.5000000005
6459,5700000.0
3935,3789977.0
2384,9099996.799999999
115,2349986.2
5603,5799997.5
7969,5149995.899999999
3119,9500000.0
4258,8799992.0
4424,9249984.0
5767,5989988.8
2819,8499983.700000001
3822,6799972.2
6673,5349991.1
6426,4500000.0
3802,7199951.4
3536,8948984.8
3825,6589980.0
6753,2700000.0
1946,3080000.0
4705,11199960.0
3488,10499981.399999999
1610,6269995.5
6226,4249989.9
2194,1560000.0
5255,5999993.999999999
557,1649992.8
7215,8600000.0
1207,5660000.0
4640,10899937.6
4814,9349959.2
1510,5499984.0
3829,7299997.2
3732,7600000.0
5230,6399965.699999999
3211,8699969.9
3630,6699987.0
6370,3400000.0
5478,5249980.8
266,2699999.3000000003
1140,5900000.0
3162,9199980.0
5698,5489976.600000001
7361,5889993.0
1909,7699958.1
4813,7999978.0
6837,5559982.6
656,2599995.3000000003
5678,5749990.4
5149,7236900.0
998,4769981.0
4886,10598992.0
2834,8000000.0
6812,5799981.0
1237,6099968.000000001
6676,5249985.0
5861,6499976.0
6125,6297968.0
2186,2849994.0
1134,5999997.4
1303,5499000.0
1627,6949961.0
5170,6811610.000000001
1522,5499968.2
358,7049984.0
138,3399987.0
299,2929996.0
1556,6149980.800000001
382,6649973.0
5547,4999990.0
4588,9250000.0
6378,3099991.5
5825,5599995.0
6122,6299995.0
6483,5199990.3
5528,5149999.0
6884,7169990.0
2721,7808478.199999999
1932,3199968.0
4881,10619985.6
7204,8299993.500000001
7247,3389994.4
4163,8299971.9
6383,4850997.0
3807,6999989.999999999
6848,6199992.399999999
6487,4949995.4
4154,6699966.0
4172,8329980.8
796,4099968.0
2416,8799991.200000001
785,3049980.0
3158,8899980.0
123,3599988.0
2172,2700000.0
7727,5995979.4
7367,8199994.399999999
4340,11499919.0
910,5199978.0
2309,4200000.0
7500,10799988.549999999
3634,6298985.6
1257,2950000.0
1178,6099975.600000001
3650,5849979.1
442,5099987.2
6150,5589984.0
1399,5919995.0
1457,6499985.5
4945,12999951.0
1054,5499989.8
3275,8645290.5
6152,5500000.0
3699,7399967.399999999
3759,6699998.399999999
929,5099964.6
5679,5499984.0
1829,2099983.2
6793,5598972.0
4221,8149939.600000001
7346,7099971.600000001
6453,5349991.4799999995
5769,6198970.4
2011,2749974.8000000003
6081,5900000.0
5456,5799976.0
7681,5799991.98
2606,5699991.0
3264,9249995.4
6063,6949995.0
5329,5149979.399999999
6,6900000.0
2980,7999992.0
3361,3599990.4
1943,2849977.2
4897,12598997.1
7373,8199990.0
7771,6499975.0
6637,4799998.5
5141,7734986.699999999
7369,7899996.0
3134,5349986.5
5102,8332476.340000001
2242,4249992.0
1474,6299978.0
5953,4849995.149999999
1889,7900000.0
3435,7549961.4
4993,11899985.0
3705,6298978.0
2021,2598984.0
4020,6499984.199999999
6308,4211746.76
6082,6399965.999999999
7205,8299984.0
2658,5349991.5
1130,5649977.399999999
4840,9299989.0
7255,5499993.6
4921,14099976.9
4318,8399976.0
7422,8999977.5
4144,7549952.0
1236,3299987.2
7755,6789997.5
7198,7700000.0
2282,2949991.2
5441,6499975.999999999
7444,9999998.3
4093,7499949.8
7744,6099996.0
7146,7041400.0
386,6399987.0
1628,7099996.0
3585,7599974.9
2714,7160984.499999999
4726,9899960.200000001
5710,5349983.8
7013,3899989.6
3189,9149985.0
4305,8849967.0
909,5349968.4
6059,6999994.2
1866,3149984.0
1842,7624980.0
2497,5889988.5
6561,4749984.0
5198,6300000.0
5077,9202000.0
4006,6498992.0
2702,5025000.0
6590,5400000.0
331,3049974.0
4706,11299965.0
4731,9999990.0
2459,7989993.0
1774,6999975.0
4994,11899985.0
5245,6299975.0
2686,4999980.0
6759,2289996.0
6873,5199990.0
5592,5100000.0
5895,6699967.5
6175,4599980.0
6128,6899996.6
6813,5199975.0
6034,6499995.5
173,2586000.0
3321,8668993.2
4660,11399979.55
3372,4799989.0
3311,8899981.200000001
7483,8699955.200000001
6924,6634000.0
6285,2349990.0500000003
6859,6599961.3
3403,5989995.0
18,3149969.5999999996
3691,6999980.0
6053,6499976.6
4096,7089990.600000001
3628,6769952.0
6346,3300000.0
2174,2799997.5999999996
1356,5999988.6
4862,10148984.6
7265,5758552.8
3112,4699987.5
182,2549966.0
6262,3314988.0
6339,3699996.0
1812,2889975.0
7429,8699985.6
1800,2699980.8
2429,8250000.0
6190,4499988.48
4937,13319955.26
6917,3079989.0
5584,5149999.0
7059,6817590.0
7636,7869972.0
1159,6399978.8
1213,6499980.0
1325,5399988.0
4938,13599966.75
1455,6600000.0
4700,11248993.000000002
6134,5999976.5
1644,6559995.0
2140,3250000.0
4536,10199960.0
4457,8599991.27
6473,4449981.7
4378,9999995.5
729,2599992.9
4357,10499989.5
1936,3192000.0
3793,7299974.5
7474,9699991.0
6910,7389969.0
5720,5769990.0
1110,6199979.0
6510,4699982.0
2998,7399998.63
2394,8999974.799999999
1185,5799989.0
2007,2674980.0
193,2999997.7
6404,4200000.0
578,4999977.6
771,3699990.0
2395,8999970.5
7930,4699987.2
1846,2679996.0
6703,2300000.0
4274,8599991.4
3740,7481966.808
4600,8599984.0
5148,7549975.4
5325,5098980.0
2073,6299999.100000001
1896,7889967.0
5901,6499993.2
3659,6499980.0
2379,9300000.0
1447,6699966.0
342,2189986.5
7067,6644490.6
2527,7064358.399999999
727,2599998.0
4577,9999990.0
976,4999962.1
5654,5699998.0
3516,9499995.6
5239,7289992.84
7684,6099975.7
3940,3699961.6
1299,5639985.5
7356,6949968.0
660,2489988.6
1492,5989984.0
5397,4699989.0
5578,4949969.8
5864,5949990.0
2315,3649996.5
7436,11449968.0
7376,7989984.0
1085,5099967.899999999
7740,5000000.0
3198,8649982.600000001
5426,5599992.0
5440,6249999.0
67,1949994.8
6369,4998991.2
2269,3649996.0
5660,5549977.600000001
4832,9449953.2
6315,4374994.62
3447,7699963.0
2367,9499979.299999999
4767,10552967.4
5354,4989997.6
2512,7189993.2
2723,7799997.8
6824,6999968.800000001
5931,5449973.76
1143,4999986.4
7601,10799980.4
4763,11399936.4
6871,5599997.199999999
4970,12499972.379999999
3789,7299977.5
2220,4989981.2
2331,3549992.5999999996
4890,8479989.0
6083,6199988.3
7035,7199986.4
4088,7299973.8
1967,2757976.0
6957,4799990.0
7397,8289997.6
4365,10198980.0
423,5599976.0
6941,6346982.399999999
1904,6849994.5
7269,5602480.8
3917,4499995.5
3618,6499988.3
839,4289994.0
4596,8929986.3
4928,13989996.0
141,3189973.1999999997
7668,6298990.2
1377,5549995.0
3674,5499984.0
7996,4989991.09
7847,2784000.0
3808,7099000.0
1138,5799997.4
2257,3749993.0
1787,2599988.5
3938,4184966.9
5195,6989965.44
7374,7899962.0
459,4600000.0
7324,6999993.0
948,3999991.1999999997
3700,6299955.2
1336,5599986.0
4628,10889989.5
6380,4249998.5
1602,6889979.5
2238,4399995.6
639,2794991.0
7728,5599989.5
3830,6789962.9
5244,7149993.5
7203,7950000.0
7164,7999989.600000001
1070,5599965.0
155,2999980.2
2295,4549986.0
5111,8154000.0
4578,9498970.0
1089,4799992.5
2940,8800000.0
6775,2989998.0
4384,9599964.6
930,4499987.600000001
2909,8949965.4
5159,7153721.760000001
7348,6998969.6
3247,9499987.0
7277,6199993.7
5954,4789976.4
5876,6799975.08
7098,5899996.9
6918,7489967.100000001
7465,8989974.0
1698,7350000.0
7536,8100000.0
7962,5149989.5
5794,6199986.1
3831,6399965.0
7300,10999980.0
7289,6499987.2
985,5099974.0
1821,7699980.0
7045,6499995.0
587,2219993.6
7637,7399967.4
5564,5099987.2
7294,3099999.0
7957,5399994.5
5091,8649994.8
6638,5100000.0
3557,8099977.8
1395,5749966.0
264,2649990.0
3547,9149954.0
5140,7599996.0
7312,9699960.0
5662,5899963.0
3864,5969997.6
6651,4616982.0600000005
2400,8949984.0
7865,2755500.0
3711,6229996.8
246,3349987.2
1594,6899992.0
7782,6949980.0
5419,6699975.3
923,5198996.0
4963,12684993.75
7440,10399992.0
669,2189993.0
3604,6849984.0
1910,7699957.199999999
6524,4499995.5
3958,6499958.5
2696,4449991.0
2591,5199007.5
1781,7199995.8
3013,8999983.2
2307,4200000.0
6348,2899997.1
3690,6499963.8
687,4289984.0
612,4499970.0
3200,8999977.700000001
2267,3549998.0000000005
7676,5999983.5
6092,6498990.0
1898,7299981.000000001
5072,9249984.0
258,3099992.6
2924,8799995.100000001
2822,8499999.7
3339,8779987.8
3525,9499974.0
4563,10099978.0
2285,3648988.0
6770,1950000.0
484,4199973.9
2211,4649999.7
6543,5689992.0
2555,6099991.0
7,3300000.0
3657,6149996.7
6791,4999991.0
4402,9559980.0
2426,8599991.4
1814,2989998.0
2274,3299992.8
1011,5498976.0
5427,6499987.5
1067,5149986.399999999
1991,2899998.0
3970,6998972.4
5701,5399971.399999999
6983,3499993.1999999997
3867,5999987.0
7149,7499992.5
3048,8599969.200000001
781,3549981.6
7770,5999976.0
1749,7720000.0
2791,7999980.0
1091,6099995.600000001
7627,8499960.0
6773,2799997.4
6822,6499984.0
6501,4949997.44
2608,6101986.800000001
6570,5099978.0
2290,4699991.2
1727,1979983.4
610,4299980.100000001
4666,11250000.0
343,3899973.6
6269,2699998.0
6250,3249993.0
3750,7819956.0
5738,6599974.5
6993,5199990.0
3215,8599988.6
97,1999984.7999999998
5039,10299982.0
1537,5599984.0
3588,7150000.0
3648,6000000.0
6922,7099979.600000001
5939,5149985.4
1517,4999995.0
7052,5899992.0
4624,10499996.799999999
4272,9299937.6
3669,6549985.800000001
2090,5199990.0
572,4399990.4
7284,7999968.800000001
6072,6449973.5
6653,5599984.0
3062,8289990.0
5082,9322992.0
5804,5799976.0
7481,8999991.0
5194,7000000.0
5365,5249974.0
4479,8699992.0
370,6899984.3
1938,6699985.5
5673,5899986.399999999
7040,6649987.5
3670,6099975.0
3652,6299996.4
2361,9499989.3
4260,9199968.0
4998,11799964.799999999
7220,8700000.0
3737,7499994.800000001
4942,13236958.079999998
6932,2860000.0
5563,4599985.5
1171,6099993.5
5221,6199985.0
1422,7199973.0
7189,8399998.4
7053,5989984.0
5267,5749995.6
874,5149973.4
2297,3999995.9999999995
2643,6399999.9
6986,3143995.4
840,4498984.6
581,1899996.0
204,2799982.0
1641,6949987.2
2014,2800000.0
3253,9399998.0
5460,6199993.8
905,5449982.399999999
631,3798976.0
5687,5499989.0
6901,7298979.100000001
1974,2989999.6
162,2859998.0
5472,6199972.8
7197,7999987.5
5103,8269975.0
4713,11100000.0
875,4949982.0
1431,6899977.800000001
4643,10558990.0
6747,3199983.8
5009,11499957.0
5100,8512742.52
2856,7499997.399999999
1861,3099969.6
2659,5600000.0
3384,5999997.0
7353,7098975.0
7670,6199977.52
5304,4699968.8
4733,9749992.0
3331,8999976.0
6553,5149989.18
6030,6795360.0
5590,5899976.399999999
2096,5499994.5
2003,3049993.4
6671,5200000.0
546,1779992.2000000002
1449,6699000.0
5557,5100000.0
2610,5499984.0
1900,8299980.4
7212,8899991.1
2757,7712473.9
1885,7749972.0
7737,4906982.64
2097,5099989.399999999
6970,4238000.0
7196,7199999.1
836,4999987.2
3471,3499994.0
4697,10899994.0
7580,12499961.5
2171,2700000.0
6886,6600000.0
6821,5700000.0
398,5850000.0
2010,2699977.5
7690,5899994.100000001
1283,6099966.0
5653,5949977.399999999
5859,6149997.0
4256,9399949.299999999
1836,2100000.0
1019,5749999.600000001
1326,5599976.9
7072,6413998.600000001
475,3999996.0
2810,8549991.0
6019,6799989.000000001
1651,6659972.0
7432,11549949.6
6847,6099975.0
2528,6800000.0
1206,6699980.0
5212,6499970.399999999
7097,6029990.100000001
6166,4800000.0
5057,9641600.0
867,4599995.4
2974,7999998.34
541,1769988.4000000001
1132,5399989.2
7756,6629977.199999999
6320,3849987.6999999997
3390,5799996.0
6780,4199969.5
2962,7950000.0
4155,7789968.2
3259,9000000.0
5206,5999997.92
7907,4599984.0
2583,6507486.6
2813,8499975.0
6218,4232491.600000001
6943,5500000.0
5519,5326978.0
3586,7149998.399999999
6990,2889995.6
5247,6199992.3
6817,6199986.0
2630,6549988.5
6417,5099983.8
5112,8299979.800000001
1080,5149967.2
4283,9099940.0
2085,5599995.2
2452,7649994.0
4966,12799987.2
2023,2448491.8
6468,4689990.72
6158,5098983.0
226,2899984.5
1013,4789968.0
1929,6699995.8
5657,5799983.5
1404,6979958.5
2179,4250000.0
697,3389989.8
1124,5749986.0
3895,5199984.0
1778,7199976.0
5118,8239969.5
2634,6899992.5
3489,10499956.5
1037,5349960.0
2256,3899989.6
5367,4639998.4
7915,5199978.399999999
313,3149980.5
2649,7699992.3
2281,3150000.0
7305,10699949.0
2547,6290000.0
2159,2599999.8
3137,9399973.0
6660,5199978.0
3967,7289991.0
1428,3499993.0
5690,5399979.2
2520,7199980.04
5154,7600000.0
7606,9999966.799999999
5927,6599978.0
448,4649978.699999999
5060,9399975.0
1284,6149988.4
3727,7599965.0
361,3399974.5000000005
6455,5449992.7299999995
6386,4650000.0
2460,7599985.0
22,3049992.0
2066,7849978.2
1653,6500000.0
702,2849994.0
5803,5785500.0
2743,6999978.7
1376,5989962.0
6513,4650000.0
2468,7300000.0
3754,6799993.2
2325,4000000.0
460,4999995.0
4183,8199986.0
4082,7299955.0
1486,6199988.3
3678,5739984.0
282,3099981.0999999996
4558,9899947.5
4308,8389943.1
4865,10499991.0
3537,9398987.1
5636,5099973.6
2581,6269975.6
1368,5799975.8
7226,9299990.700000001
5381,5259996.0
597,4599997.0
4351,10699926.93
6509,5000000.0
4758,11399952.3
7949,4899987.9
7545,9299990.700000001
5228,6499987.0
3468,3448998.0
5125,7789992.0
2990,7999998.8
7129,4547991.0
7852,2450000.0
2544,6330000.0
5959,6399993.600000001
6872,5599980.0
4066,7999963.4
3988,7599967.2
7733,5299982.0
685,1989988.0
7814,4449979.5
3243,9299977.5
6204,4149985.8400000003
4083,7549945.0
2837,8149986.0
3697,6989985.0
4941,13090079.93
7024,8471599.2
4040,8349991.0
2230,4699983.2
5850,6549995.199999999
2320,3780000.0
4878,6499977.0
521,2449993.0
522,2549987.4
6257,3449988.9
7466,8998967.0
6446,5399994.72
6048,6989977.8
780,3899978.0
6268,3135000.0
5432,5600000.0
651,4449973.5
5979,4539986.0
2196,2539994.4000000004
369,3333312.0
5257,5899994.5
4214,8449964.9
377,3599986.6
5637,5349985.2
2216,4650000.0
6102,6099974.0
1613,6998970.0
7190,8999997.9
3632,6350000.0
962,4989989.600000001
7210,9199970.4
7515,11299980.0
6108,7499983.399999999
5433,6499987.199999999
359,3669990.0
3839,6399981.0
5364,4699980.0
1246,3120000.0
7619,9200000.0
5087,9251058.0
3694,4998960.0
6765,2398992.0
2567,6549997.5
3423,7899985.600000001
2037,2149984.1999999997
772,3499994.8000000003
7360,5799955.2
3562,8099953.0
7578,12890000.0
7322,7149986.2
5306,4699987.5
4531,8999991.0
1674,6698998.399999999
365,3392965.8
5266,6749989.399999999
5410,5499979.52
4327,11689952.0
147,3129988.4
7935,4429984.0
3088,8259991.2
6322,4269818.74
407,5399974.800000001
7622,8949990.0
3456,3099989.2
4182,8199945.0
3576,7599963.600000001
3271,8799978.6
4940,13399982.0
1031,5500000.0
5251,6149980.8
855,4899986.0
3926,5798973.0
78,1999997.2
2247,4249997.5
5938,5048982.99
7316,9199941.4
7364,6349983.0
6202,4249999.32
5515,5149978.2
788,4349972.899999999
2279,2989998.0
4095,7139962.5
3897,5549948.6
5224,6449988.0
7488,10500000.0
3631,6589960.4799999995
6002,7418517.0
424,5599968.0
392,6189987.0
6690,5199982.5
7559,12599980.4
4200,8499991.5
2672,4990000.0
7327,6499965.0
5418,5499966.0
3493,10599945.6
1459,6349982.0
5786,5649984.0
5414,5499989.0
5316,4449970.8
3835,7299968.0
7002,3449999.9999999995
6205,4299995.0
7620,8998996.0
4724,10199992.8
6221,4299974.22
2355,3249993.6
7911,4415982.08
2442,7899990.0
7651,6249969.600000001
7349,7499960.0
6818,5700000.0
464,4800000.0
163,2649985.5
6935,6299997.2
7176,7339986.000000001
7672,6099994.640000001
7940,4798975.61
2009,2889981.5999999996
3084,8349999.0
900,5498989.6
6272,2499994.5
4837,9399984.0
2293,4299999.6
4481,9699964.5
4605,8750000.0
3716,6998980.8
6650,4449990.600000001
1764,7249982.0
1549,5999996.2
3029,6999000.0
7687,5549986.0
2044,2850000.0
767,2849990.4
1508,5599994.399999999
7778,6199971.0
4517,9199994.100000001
4219,8199944.699999999
6659,5349989.6
7874,3080000.0000000005
3292,8899982.799999999
819,3849994.2
1403,5699988.4
1382,3599978.8
2148,3049989.9
1638,6099964.82
7698,5999977.62
399,6399972.600000001
882,5279981.399999999
3565,7949954.2
7966,5299980.4
1179,5899977.3
4244,9189992.700000001
5218,6764969.0
5471,5399982.0
2130,3850598.4
5078,9499966.0
456,5080000.0
6908,2449993.0
1950,2499997.5
689,1999998.0
7884,4899987.9
7731,5550000.0
1953,2800000.0
2710,6149990.0
7273,5692500.0
6716,6199994.100000001
4349,10989934.200000001
6955,4989996.0
1884,3099999.6
6423,5149998.0
7083,6109000.0
2494,6049992.5
3036,8199975.0
3603,6999956.5
845,4199984.399999999
542,1899996.2
3724,6899973.9
4187,7800000.0
3679,5699996.4
7975,4959976.640000001
6554,5249992.5
5935,6599993.4
2964,8499978.0
2529,6800000.0
1048,5188986.0
1960,6699979.0
2530,6899992.7
5902,6499984.199999999
237,2349986.2
4917,14499974.200000001
1133,5799970.0
6628,5149992.9
4259,8949990.0
5925,5699979.899999999
6024,6699966.0
6181,4299997.5
2978,8099987.970000001
6344,3249993.6
6162,4898989.3
5412,6499984.399999999
6533,4799984.0
3919,5699950.0
3138,8749994.0
7150,6949992.0
4073,7989993.0
6885,6699979.23
3229,9499974.0
1826,7699987.199999999
593,3899985.5999999996
2725,7399972.8
4137,7398963.600000001
560,1699992.0
7855,2500000.0
6022,7050000.0
243,3399998.0
4437,8999976.0
5559,5149972.8
405,5599974.899999999
1442,6779999.1
261,3249989.5
5374,4349992.5
7307,10499951.7
1689,6979980.0
1725,2300000.0
6536,4698000.0
4930,13839965.540000001
2496,6920000.0
5388,5299969.5
340,2049999.0
5595,5999994.0
1601,6498976.0
4576,9799968.0
3725,6098955.0
7928,4950000.0
2785,7999972.2
1523,5199984.0
5974,6300000.0
7314,9349963.200000001
7420,8999952.0
5649,5499997.2
6478,4999984.0
1766,7499976.0
7900,4599984.399999999
4037,7999952.399999999
5482,6199974.000000001
6333,3519999.84
6495,4890000.0
7490,10499964.4
363,3549986.0
7920,4999994.699999999
7206,7799996.4
4725,9899968.0
4443,8799979.200000001
6387,2799996.0
7396,8499937.5
2562,6619984.2
5608,5799979.2
7343,7700000.1
7434,11499928.0
3083,7989992.600000001
7379,7998965.799999999
2102,5099989.399999999
632,2999986.0
2493,6249999.0
2665,5309059.0
5810,6099993.9
4406,8899979.4
5891,6889968.56
7454,10099941.8
2334,3249995.4
6147,5860000.0
3619,6450000.0
3883,5349965.6
5444,6200000.0
4211,8599955.0
1494,6399974.399999999
2401,8799994.799999999
3874,5298950.0
1232,7099985.5
2661,5199984.0
2817,8499996.3
5476,6000000.0
7319,8199950.0
7822,3710000.0
6363,3599990.8000000003
4153,6719975.0
5975,4399983.0
3061,8599986.0
6850,6050000.0
7921,4899983.22
1735,2399982.4000000004
2823,8099982.0
6114,6199988.7
5502,5350000.0
2475,7029045.0
2564,6599993.7
7981,5409998.399999999
6748,3598988.4
6201,4299995.0
707,2799990.0
3046,8599973.200000001
6838,5349978.1
5189,7018812.0
6120,7099974.5
72,1889982.8
4448,8399996.8
4839,9249995.4
7493,10799992.0
5101,8499994.399999999
1190,5748997.430000001
2601,6200000.0
1125,5749969.199999999
1241,5999986.8
7179,7199992.8
6611,4949987.4
6015,7199985.600000001
3351,3599990.4
5094,8989979.0
4008,7899966.800000001
1577,6899974.4
3906,5449992.6
3729,7489982.5
4358,10449945.0
1343,5499990.0
7988,5099976.0
6097,5949970.4
440,5299988.0
1100,5799978.000000001
2637,6299997.0
5946,4899979.35
649,2499984.0
1546,5899982.0
6099,6499979.7
6119,7119987.6
2852,7799990.8
3503,9999966.0
5778,5749972.9
630,2999997.0
4768,11399953.5
1249,5799990.4
5489,5799995.0
482,4199988.0
1584,7249996.8
4676,10499994.0
1462,6189975.0
3040,8299980.0
5010,11299978.4
6852,5856972.0
3273,8919992.7
3683,6599994.800000001
4145,6799961.600000001
6259,3000000.0
4954,12950000.0
3225,9499974.0
1072,5189978.2
4815,9149943.6
2631,7199993.0
1660,6249990.2
2425,8330980.0
5079,9508203.0
6755,2349995.9
6094,5989968.8
3097,8999975.6
3976,7769979.600000001
7173,7799994.0
7600,10699972.399999999
5705,5199975.5
6352,3949995.1999999997
5291,5099979.600000001
1408,5699967.8
1845,2264984.0
1798,2449996.8000000003
3957,6299944.0
1475,6030000.2
5811,5749981.699999999
35,2799972.5
6101,6369990.3
444,4898999.0
2359,5750000.0
3654,6449992.899999999
7018,4649998.8
3179,8999996.0
1286,5999966.300000001
5947,4799982.63
4445,8469971.4
3416,7899989.76
2137,3246997.0
2636,6899989.2
4016,8099979.2
7732,6599969.199999999
1681,6198996.9
5836,5999975.5
5275,6899964.0
1692,7599971.999999999
7479,9149968.8
6382,2889996.0
3635,6399968.4
372,6799968.0
6161,5550000.0
5453,5999981.399999999
4882,10650000.0
7586,12199992.0
140,2049971.8
4884,10699949.6
4419,9499946.889999999
7462,9099962.200000001
6587,4939988.399999999
714,2399999.4
5243,6889968.56
3188,9000000.0
7078,6099986.399999999
4431,8998965.5
6406,4599983.44
406,6149974.399999999
20,3149997.5
1004,4799971.5
4986,11999962.040000001
2411,8489970.299999999
2545,6199998.0
6196,4489981.52
2390,4899990.0
6439,4999980.33
42,2599971.9
2830,8399989.8
3371,4998875.0
3022,7200000.0
3364,4259997.0
4399,9499922.0
5252,6199987.800000001
11,6899986.5
4760,10499991.0
1177,4989972.0
1947,2650000.0
2501,5749000.0
2863,7300000.0
3865,5699957.5
1026,5649980.0
3848,6259980.0
2989,7498985.6
961,3690000.0
2889,8399998.4
3015,8899988.6
3338,8209978.0
5672,5979978.550000001
735,2374992.6
4400,9149994.7
1440,4999974.0
2875,8499998.4
3986,7649992.800000001
916,5189964.0
6687,4999995.0
6254,3699990.0
4089,7499935.000000001
7398,7999948.8
6263,2899987.1999999997
2772,7826470.4
1624,6999980.0
6354,3649991.8000000003
821,4499971.2
1367,5949986.5
3712,7199946.0
7784,6099977.2
7199,8999997.4
850,4149974.4
1000,4579997.0
5964,6199991.2
4114,7489935.000000001
1637,7129999.0
1667,5849996.0
4589,9799988.0
3173,8899968.0
6461,5389977.78
1347,5379988.0
6260,2979992.4
3230,9499998.200000001
5651,5498973.0
6163,4749998.399999999
4783,11649960.0
6265,2900000.0
3232,9319999.7
6556,5099993.800000001
703,2919984.6
5105,8599987.5
6555,5499998.399999999
3291,9249977.799999999
3673,6488978.5
2408,8799975.6
7388,7699844.0
1327,5199958.5
7455,9749946.8
5406,6599974.7
6571,5100000.0
4909,12299956.5
4440,8699982.0
6696,1849995.0
986,5149980.0
6365,4424994.0
8010,5199999.0
7807,4069992.0
6635,4899984.0
4049,8199979.9
3485,10699947.299999999
2474,7049997.5
5238,7199978.0
3873,5849995.8
1198,5799994.2
4181,7799979.2
1518,4999989.0
6648,4799990.0
5477,5379990.0
1799,2649988.0
1014,5499995.699999999
128,3579988.5
1364,5998992.0
6170,4799996.32
4470,7999992.0
891,5289996.6
2793,7998969.0
6729,5299980.0
5455,6399997.5
4403,9149983.0
7624,9100000.0
5413,5399997.600000001
6875,6270000.0
3249,9299975.200000001
7225,9499980.0
1208,6799972.600000001
3868,5998940.6
7245,8998992.9
4065,7899948.0
6857,5049984.0
6085,6199993.8
1239,6549998.0
2289,3799992.0
2740,7199991.4
275,3099980.8
4585,9349991.0
1035,5593996.8
1229,7000000.0
1008,4699972.0
6532,5299982.4
5178,6799988.6
3828,6699969.0
2532,7000000.0
4293,8999931.6
1058,4949987.0
5956,4885465.2
281,2929987.1999999997
1043,5199985.0
1316,5199964.0
968,3649984.0
2381,5049987.5
6394,5099987.7
1939,2982000.0
5762,6399992.100000001
1274,6149993.9
619,3450000.0
5829,5999994.0
1742,2399985.0
1390,5999970.6
6525,4599985.6
1579,7299998.100000001
1655,6199963.600000001
3568,8255958.2
2352,5793800.0
2212,3589993.0
7960,5589997.92
3178,8799978.8
3192,8800000.0
1307,5299991.0
575,1619982.0
2360,5599989.0
1280,6200000.0
6519,4399983.0
4957,12949989.6
6631,5139992.0
1993,2849995.8000000003
2639,6399990.0
269,2499967.6
629,3699000.0
5945,5000000.0
3081,8189977.8
3466,8099968.800000001
7000,3949992.0
4396,9599993.9
4023,7699978.0
7588,11899961.399999999
5544,4799993.0
5569,4499988.0
2046,2750000.0
4356,10499964.0
7666,6799997.52
2113,4599993.6
27,3149998.0
2040,2999997.7
3928,4199982.0
7243,8699990.4
3216,9249984.0
7463,9149995.8
3814,7500000.0
129,3599988.0
5949,4999993.0
7859,1938995.5999999999
4599,8999972.799999999
13,8499973.200000001
6876,6899964.600000001
4476,7849983.0
1525,5498995.5
2365,5404397.4
4648,10999955.0
3052,8199972.0
4005,7749960.0
2340,3150000.0
374,6949956.0
7845,2579986.0
6889,6449976.0
939,4198993.0
7663,4811408.94
5719,5499982.800000001
4573,9799973.399999999
2147,3550998.0
3591,7189980.0
6335,3249996.0
7275,6307000.0
6839,5349978.0
3623,6659984.399999999
529,2999980.5
3714,7199969.0
6264,2856000.0
4732,9699975.0
1269,6399000.0
4281,9099975.0
1394,5990000.0
4850,9899974.0
4009,8498993.0
4390,9498958.0
1797,7999979.5
2979,7899997.38
1441,6799987.5
6001,6499993.300000001
7796,4199988.8
3811,6899996.2
5632,5299985.100000001
1273,6249984.0
4703,10399962.6
1712,6789983.2
955,3899971.0
5943,5199984.7
6760,1800000.0
7089,6399985.199999999
7355,7799975.3
403,5699985.2
2071,6171745.199999999
7607,10499992.8
1977,2649991.0
158,2899998.2
3888,5199977.4
5451,5899982.0
902,5499991.7
352,7299984.870000001
5326,5199977.04
4540,10199995.0
4130,7699980.0
754,3599985.4000000004
2971,8789976.0
7970,5229997.6
2920,8899968.0
311,3699978.0
4644,10899929.6
661,2449992.0
1989,2849997.6
3665,6299973.0
306,3749987.5
2335,3199992.0
4790,11349983.04
2356,4649998.8
3702,7699972.899999999
3804,7199993.6
1927,3249983.0
7029,7499992.5
3427,7839989.4
749,1989980.4
3638,6369969.0
5839,6899970.0
1266,6249982.0
7384,6999994.600000001
6948,5199990.0
7086,5800000.0
3595,7799999.2
2134,3900000.0
5066,9269973.0
4109,7499984.0
4969,12499987.5
4904,12489954.0
514,2499984.0
7166,7989999.6
409,6099984.0
6407,4350000.0
7977,5098983.0
7916,5099976.100000001
7602,10500000.0
207,2299971.1
6520,4349990.399999999
458,4799977.6
2054,6699996.0
2430,8258577.11
250,2049996.2999999998
6844,5699980.300000001
5437,6649980.0
1107,6609985.5
6502,4699983.6
1713,7389984.399999999
3911,4798949.2
6452,4849987.6
715,2548988.2
552,1799990.4
1439,4799992.5
2270,3449993.0999999996
3144,8599993.5
7643,6749985.6
1925,3199968.0
634,4499997.899999999
316,3609978.0
7523,11500000.0
5424,5759976.3
427,5499970.0
5957,4949980.8
105,2498994.0
3041,9100000.0
4238,8499994.299999999
2169,2989989.6
1709,6900000.0
89,1849987.8
2241,4399985.0
3174,8779990.0
7652,6700000.0
1949,2499992.4
4044,8599998.5
2848,7716800.0
1,6924994.4
4337,11189955.0
935,4399999.800000001
6863,6349982.0
2720,7749987.0
5205,5921998.0
6143,5999987.0
591,3800000.0
7718,6699990.0
6021,7149988.61
2936,8999975.1
2448,7999986.799999999
1576,7349976.0
6450,5399995.2
6692,8298962.5
213,2800000.0
778,3700000.0
6783,4749970.0
3496,10299972.6
6290,2449989.0
2043,2749995.0
7267,5599995.5
5420,5449986.0
1567,6949973.4
165,2554967.8000000003
4702,10899952.0
3566,7998952.0
6140,5799975.5
7612,9849975.200000001
5439,6298969.600000001
2013,2649996.0
273,2999976.0
3860,5949961.2
4167,8198994.0
6395,4499991.5
3788,7998972.0
5183,6700000.0
394,6109992.0
583,4999979.2
7875,3399991.2
7983,5199991.5
7425,8949980.0
6588,5354993.5600000005
7656,7199980.8
6484,5199999.0
520,2299999.0
1763,7499970.0
1875,7899975.0
5355,5389990.5
3965,6599942.2
3344,3099997.6
2253,3949990.0
3224,8999996.0
526,2299991.1
2946,8899995.2
4473,7999992.000000001
3899,4689964.8
5656,5749976.7
692,3619977.52
7568,13749997.8
4444,8600000.0
3633,6148978.0
5806,5799976.0
1050,5098988.7
590,3899961.0
519,3199990.5
3380,5239999.600000001
3676,5599989.0
5777,5748974.0
6604,5099980.800000001
5179,6899967.41
1607,6149984.0
3610,6699980.399999999
7638,7499966.4
8007,5080000.0
1809,2469986.0
791,4098984.5999999996
792,4299988.0
6592,5699987.4
1855,8149996.8
1980,3000000.0
3233,9499994.0
3598,7799999.4
933,4349982.0
3963,6699981.0
5966,6500000.0
5627,5739986.2
5506,5449999.0
7435,11399996.4
4179,7989964.6
4026,7579980.0
7688,5899968.0
4116,7489981.2
988,4999979.600000001
7857,2300000.0
3453,5899991.399999999
7318,8119961.600000001
3778,6599988.0
5659,5649984.0
6725,5799990.0
3093,9299974.6
3155,9249999.0
5069,9949972.14
5807,5799991.8
3201,8899997.7
6469,5399982.0
1098,6199970.21
6658,5450000.0
2844,7800000.0
886,4999968.0
7901,4849978.600000001
6219,4349999.2
515,2549986.5999999996
7391,8099970.0
4833,9199952.0
1453,6499982.2
3553,9080000.0
3609,6699961.800000001
4665,11249998.8
2506,6899970.0
2994,8099979.0
3999,7899992.800000001
7590,11899961.399999999
906,4998958.0
28,8100000.0
6878,6998970.0
2507,7504996.100000001
2428,8599989.0
5043,9899984.85
5346,5259993.2
762,2949991.5999999996
3747,7489963.8
4811,8389964.4
284,3449983.9000000004
686,2599995.2
7404,8399972.0
2353,3619985.2
6448,4900000.0
6888,6250000.0
21,6849994.5
2752,6574446.6
885,4799982.2
917,4749973.8
1040,5099968.5
6359,3449996.52
1265,5999968.0
4579,9699976.5
7056,6900000.0
7450,8199997.200000001
277,3049994.4
5084,9439970.8
2084,5949996.0
1245,6549990.0
2382,5049988.6
571,1200000.0
1435,6829999.8
3902,5799960.0
5089,8799995.1
1247,2998998.0
6018,6689993.380000001
4681,11099980.0
3526,9499980.0
2514,7199996.47
5445,6049992.0
1007,4879967.3
4770,11799960.0
4543,10649929.899999999
6042,6899987.99
6944,5745109.5
2064,5799991.5
5352,4899979.7
6329,3749990.0
1690,7198983.0
6919,6939998.800000001
7278,6499984.0
5343,4599987.600000001
1985,2899996.0
294,3370000.0
1547,6499977.119999999
2012,2698977.6
588,4089969.0
3329,8499988.0
2403,9249993.6
2129,3850000.0
3998,7899996.0
7019,3249995.4
3741,7372976.0
3508,9599997.0
2719,5999992.2
4521,8989984.8
5150,7299982.999999999
7298,2899988.64
7306,10298990.0
556,1569997.0
4795,11490000.0
2469,7399993.2
3738,7299992.7
4286,8799984.0
6599,5100000.0
5289,5299986.399999999
1716,6789999.7
2604,5849986.0
6610,5300000.0
1704,7199992.8
2139,3417999.0
3239,9299998.4
2383,4899990.0
4311,8799978.0
1285,5999966.300000001
6825,3299988.0
6356,3649991.4000000004
7161,8299979.4
3930,3999967.5
5986,5799998.8
6070,6499966.5
1591,6999984.199999999
7524,11599926.299999999
7961,4989978.0
2162,2389992.0
2396,8999991.0
317,3599965.8
7192,7699981.399999999
3111,4699995.0
5233,6449966.600000001
6401,4561245.0
7769,6199974.0
4036,7599000.0
795,4299995.7
3020,8699984.0
1711,6800000.0
3387,5712000.0
36,2669990.4
4549,10199944.0
913,4800000.0
5722,5699986.0
5295,5099998.0
3972,7499990.4
5370,5199990.0
4133,7199962.0
974,3599994.6
983,4699968.0
6544,5390000.0
1418,6900000.0
1560,6300000.0
4135,7599938.399999999
5583,5389982.5
6390,4500000.0
4265,9498960.0
1355,5799976.0
7499,10990000.0
7593,11889987.200000001
987,5099998.0
2682,4900000.0
5047,10399982.0
1640,6799982.5
1290,5999985.0
3681,5739996.899999999
1380,5569976.5
1933,6759982.2
4675,10399969.8
6743,4199992.8
3160,8989993.2
2030,2499997.5
892,4798993.5
4876,10599970.5
4069,7799967.0
4255,9399982.8
2,3499980.3000000003
2109,4749997.0
849,4649994.6
2737,7192000.0
2466,7199993.0
1914,8049976.0
1596,6999984.600000001
5873,5849982.0
1913,7999992.0
5139,7699985.600000001
7542,8599940.0
5641,5499975.600000001
2736,7199976.0
726,2699994.6999999997
53,2324993.8000000003
1796,2899981.3588720113
3845,6249984.3
6008,6846310.000000001
2553,6199986.0
2800,8149977.0
936,4099983.2
6608,4850000.0
824,4889999.4
4321,8799956.4
3401,5499990.0
1389,5798980.3
3564,8499965.6
884,4779980.1
5429,5749978.5
5704,5499989.0
5691,5499986.8
4867,10969970.4
1868,7898992.8
5181,6499990.0
10,8379987.0
3415,6235622.0
5421,6499974.600000001
1463,6099997.5
806,3989984.0
7802,4098979.5
6302,2749992.0
4068,7899984.0
2108,4600000.0
6764,2698988.0
7939,4399983.0
2234,4399995.5
963,5189979.2
4494,9849970.0
2632,7000000.0
6095,6499987.0
704,1349997.6
431,5349968.0
4388,9399972.8
6078,6799962.0
145,2099977.8600000003
2033,2249992.8000000003
6726,5598963.600000001
1165,6299967.66
3500,10199952.200000001
2050,2700000.0
3760,6998996.600000001
2624,6975426.24
4484,8997997.9
4435,9498967.200000001
6385,2808000.0
6215,4499995.5
4361,10299989.7
2424,8480000.0
1262,5449970.100000001
1771,7200000.0
3511,9499940.1
271,3149972.0
4792,11664982.0
7974,5649984.0
244,3499980.0
7761,6499983.999999999
4572,9949984.200000001
2032,2700000.0
7383,7289982.0
6334,3740997.0
813,4199970.0
6011,7199984.000000001
3810,7299963.699999999
7752,7099986.0
7945,5094989.7
6508,4749987.6
1804,7989995.0
6809,5399983.0
4346,10799973.299999999
2461,7658994.0
545,1758990.0
3241,8994975.0
738,2399997.5999999996
310,2899980.0
3521,9599974.8
1131,5199975.0
5546,4999990.8
7882,3499994.0
4111,7499973.899999999
2769,8400000.0
920,4699964.899999999
6715,6299976.0
3587,7949987.5
3959,6099969.7
38,7799977.350000001
4459,8249967.0
4278,8989947.200000001
2983,7949988.000000001
5290,5249974.0
7991,5548974.33
5217,6479987.2
2667,5099994.0
3223,5399998.5
1182,6049971.199999999
7272,6299996.0
614,3399991.1
7860,2944000.0
1466,6098996.0
4497,9498963.200000001
3042,8249998.0
934,4298970.0
2419,8400000.0
5085,9199979.0
7895,4199995.2
6496,4919984.13
4822,8249951.500000001
826,4249970.399999999
1521,5499981.899999999
2930,8699972.8
4232,8499936.0
628,3099996.0
4430,9499957.25
3853,6239965.6
390,6299990.4
4345,10949950.0
7798,4349978.6
5914,6499986.0
3990,7089984.0
400,5799965.4
4806,8399965.200000001
5135,7651252.98
6477,4329991.0
3359,4179994.0
46,2449969.2
5658,5899997.2
7677,4789996.12
7887,3749998.0
3642,6500000.0
3726,7599989.399999999
7333,6499982.399999999
5208,6599993.399999999
5319,4984980.0
7765,6489972.7
2421,8549986.2
5605,5999999.55
1750,7699965.0
7956,5399991.630000001
6575,5149982.95
4062,7999992.0
7576,13300000.0
338,3000000.0
215,2499987.0
3663,6599984.100000001
1341,5549987.4
7326,6999952.8
7746,4289994.0
3894,4998995.7
3640,6349998.0
329,3199986.0
6474,5249986.0
3004,8989987.5
7645,6499987.2
3115,4749985.5
7738,4999982.399999999
2322,3599998.2
4197,8199945.0
3549,8899997.6
1458,6319992.0
171,2549998.0
4203,8199969.399999999
6712,3449974.4
3569,8489968.5
4226,8499994.299999999
5158,6982550.0
6538,5299974.399999999
6186,4199999.0
6603,5299980.0
938,4099992.0
60,2199988.0
1240,3099973.1
5761,6199986.600000001
5136,7649973.8
6697,1499993.0
2120,4399999.5
1524,5299998.4
153,2989987.5
481,3789984.0
6123,7299990.0
4460,8399996.8
3920,5599991.8
1762,7499969.100000001
750,1989986.0
1785,7589973.0
6664,5849988.199999999
6213,4200000.0
4501,9639954.0
4853,9499998.6
2711,5058996.0
6479,4399999.5
4193,8149988.0
1333,5100000.0
7134,5549985.0
2854,7499987.3
186,2749980.0
1136,5999980.0
2058,8199968.800000001
6720,5679975.0
7467,8900000.0
148,3099973.8
4124,7799958.0
4889,15279993.299999999
7686,5489981.3
3363,4271994.0
4788,11499948.0
2866,8499986.299999999
3776,6799984.1
1386,5719995.0
5942,4989990.0
7565,13989996.0
7810,4189976.1
5696,5399975.100000001
3629,6199993.8
7208,7999992.699999999
4797,8999991.0
3028,6989998.600000001
2969,8174355.600000001
6968,4099992.6
1708,7549982.4
2953,8099993.5
454,4799988.0
6137,6779520.000000001
7794,4949982.9
609,3549980.0
4263,8899947.6
4826,8989972.16
6795,5999987.000000001
2074,5499990.0
4052,8149993.0
6567,5415910.2
1622,6699000.0
4683,10499982.6
5497,5499958.0
5797,5899986.4
7022,8999988.3
40,2589984.0
5475,5499972.8
2089,5949992.49
3924,4299966.0
2175,2700000.0
74,1960000.0
6413,5199978.0
7898,4837644.0
2657,7199998.0
3180,8799995.100000001
2076,5839985.47
441,4999980.0
2051,6299978.100000001
2541,6419987.500000001
1301,5499964.800000001
7366,6699952.6
3430,7499983.399999999
1304,5499958.2
236,2749989.6999999997
6680,5689978.4
2599,5989987.5
4616,8399944.0
2573,5599998.0
3280,8899989.0
3186,8499985.2
3953,6499944.0
2768,8199985.5
4831,9300000.0
4223,8800000.0
2106,4948988.0
2679,4843000.0
2761,7704380.399999999
4688,10949944.2
5399,4299991.0
1387,5699956.8
7692,5699999.399999999
7251,4650000.0
6444,4750000.0
6897,7200000.0
7721,6489992.0
5000,11899988.1
5854,6499974.0
1279,6199965.0
7152,6958993.399999999
7844,2887500.0
6405,4699975.0
1555,6149980.800000001
7246,3349998.8
3190,9099970.5
4566,10098972.0
4802,8299952.75
7512,11299985.200000001
4841,9499974.23
3594,7289991.0
6036,6999985.800000001
1920,3249990.0
513,3499983.9
4177,8249964.0
1308,5399976.0
5668,5949996.0
914,5199983.6
3452,6198999.1
3695,6399000.0
4242,8499960.0
3156,8599991.4
2198,4200000.0
774,3249990.0
4425,9630000.0
6151,5464977.600000001
6098,5799994.2
943,4999997.0
822,4899990.8
5005,11729991.0
4277,9199955.6
164,2580000.0
5620,5519982.8
4547,10149917.4
3983,7599973.8
2538,6673989.600000001
7633,7439964.0
1311,5299965.0
5207,6499976.6
7285,7899977.0
5383,4799988.0
6682,5199980.8
7430,11799980.0
3300,8599995.200000001
3310,9000000.0
327,3198971.1
5887,7100000.0
2490,6900000.0
7534,8279976.0
6104,6499975.0
5955,4699981.3
7503,10199956.0
4408,9399990.600000001
832,4999978.8
3079,7999992.0
3462,3049989.8000000003
5297,4989995.0
7569,13899971.8
54,7399996.6
6231,4554984.0
4064,7999948.199999999
3451,8099991.36
6306,4359992.64
1901,7699999.0
1481,6349980.899999999
4873,10799952.0
4895,15219974.0
4150,7989962.0
3335,8960000.0
6017,7199990.1899999995
4926,13789977.6
946,3998975.1999999997
5798,5994963.0
3293,8999980.2
2161,3099999.0
7748,4479990.18
5083,8839200.0
6786,4599985.199999999
3057,8399979.629999999
5490,5599981.199999999
768,3199975.0
7529,11649960.0
3495,10499994.0
285,2699979.1
7912,4899989.0
4524,9049986.4
7128,4389991.2
2332,3250000.0
2717,7143477.0
2079,6089998.899999999
3389,5683983.0
722,2700000.0
951,4848961.3
6984,3239992.8
2262,3850000.0
989,5169995.600000001
3212,8099994.4799999995
1759,7099997.1
6581,5199986.0
4422,9399950.0
5479,6000000.0
1724,6499978.8
5182,6799975.0
341,1999997.0
3701,6310967.300000001
4243,8329994.399999999
688,2698990.0
3432,7799994.119999999
5203,6699963.2
4944,13199986.8
966,3849982.0
7560,12499997.4
7242,8999991.0
2203,4979997.0
2713,5999994.0
4757,10550000.0
5098,8588998.4
7060,6499996.800000001
7328,6199956.0
7063,6299983.2
5280,5449993.5
5976,4399983.0
3572,8099998.5
4805,8998986.9
5299,4899991.600000001
1990,2649985.2
4120,7289984.0
4759,11499955.200000001
6574,5049996.0
5298,5099990.7
7400,8199984.0
4971,12499993.1
7587,12199986.5
5034,10699974.4
3600,6879992.0
6491,5149978.2
7311,9798957.0
7971,5198984.0
6605,5249998.53
385,6798999.899999999
6994,9400000.0
7313,9199980.0
536,1998994.4
6388,4699983.65
7472,9998953.2
5032,10587472.56
4212,8499942.0
6457,4974354.0
3507,9999997.5
201,2499981.6
1332,5499990.0
3502,9999960.0
2708,5304000.0
6031,6799987.2
5031,10789996.0
6515,4499996.8
4662,11199978.0
4021,7714981.100000001
1854,3149975.0
7163,7600000.0
2872,6999960.0
3030,8599987.2
1205,5498983.6
6564,5499987.4
1645,6589980.8
3417,7949992.8
3476,10989994.4
6744,4119974.6
2861,7399998.0
1792,2549995.2
5526,4999980.0
3797,7189956.8
3368,4749992.4
3367,4499992.0
3533,8869946.5
7030,7809003.0
5109,8554977.0
6025,6978090.0
3449,7499984.8
603,4499991.0
3056,8718150.0
6974,3949990.0
126,3549974.0
7853,2250000.0
3876,5499969.0
2935,8799980.1
5443,6499976.6
4451,8398958.1
3531,9499962.0
2730,7458985.8
827,4620000.0
1639,6099980.4
984,3599995.1999999997
3281,8499987.870000001
7959,5299996.2
2188,2494992.1
7378,8099976.399999999
2443,8099976.399999999
362,6899971.7
2349,4849987.5
345,2999992.0
814,3949984.8
6167,5199971.0
4807,8400000.0
3205,9119979.1
6657,5099978.0
7671,6599969.600000001
5962,4899984.0
3325,8399978.1
4106,6849998.7
7170,8299991.499999999
2116,4499996.8
1834,2089992.7
793,4149980.0
7922,4924982.79
2674,5076000.0
94,1589993.0
4225,8099964.0
3756,6899985.0
2891,8500000.0
2371,4919997.600000001
6912,2929964.8000000003
6636,4789994.4
7103,6819983.100000001
3228,9299986.0
6159,5299996.4
6360,4409989.2
5997,6449988.699999999
6845,5699972.5
7143,7600000.0
6029,6699972.199999999
2853,7555499.999999999
7413,9389991.600000001
2912,8499988.5
1865,7949986.2
5755,6349976.999999999
4612,8499982.0
1857,2999986.0
2645,7949999.0
2243,4249999.8
5373,4489978.5
2336,3399998.0
950,4999999.2
3068,8500000.0
1120,5399974.8
2597,5999988.0
2204,5250000.0
419,5842964.399999999
922,4599995.0
1254,5659993.6
477,4549965.199999999
2035,2900000.0
7372,6599969.2
5789,5599995.0
5743,5999972.9
5568,4349971.0
1202,5989964.7
6535,4661982.0
2626,7390000.0
5766,5999988.0
7704,5999985.600000001
1970,2950000.0
3110,4749984.0
4018,7799968.0
2151,2999997.0
3687,6999980.0
4916,14499967.2
1997,2399994.0
4033,8599955.94
7848,2570000.0
3054,8199967.199999999
1248,5899985.5
2192,4149999.0
2712,5068500.0
992,4899982.5
2190,4150000.0
4670,11190000.0
5142,7899975.800000001
5985,6950000.0
6566,5299994.32
3762,6999959.68
3597,7259960.61
4711,10298991.0
1318,5229997.5
1863,6849994.8
2343,4899999.5
2449,7800000.0
2136,3389990.4
1065,5449984.0
5869,6299990.7
7943,4499992.57
4227,8799932.0
2621,6799981.5
77,1969978.8000000003
2898,8799999.1
6149,5449976.0
4820,8899995.6
1314,5499999.100000001
5948,4799975.7
7903,4612482.0
6998,3399988.5
872,5149985.399999999
3850,6299975.4
5468,5499978.0
5952,4799990.4
7655,5899986.0
2965,8749976.200000001
3391,5929686.000000001
5415,5299971.600000001
2560,5749986.0
7839,2730000.0
2635,6449998.5
5256,5999994.0
3530,9189950.0
375,3599980.4
1908,6799996.0
4429,9549947.2
7642,7449972.4
7008,3799992.0
4027,7599982.2
6462,4579980.57
1604,6599992.0
1118,5799977.6
3677,5649981.0
3490,10649993.200000001
7781,6099977.2
6040,7389970.0
2958,8949976.0
1994,2299987.8000000003
7938,4499985.199999999
6966,4289998.7
2376,5075989.6
7334,7099986.0
1342,5499987.0
320,1839996.0
1619,6989979.2
3713,7250000.0
7331,6749979.0
2060,8299997.399999999
2219,3549987.0
1673,5919978.399999999
6039,6699985.6
260,3099997.8
7075,6199995.0
2039,2749968.0
4785,11550000.0
901,5499977.7
3744,7789996.800000001
6403,4700000.0
2026,2500000.0
4234,9149978.200000001
1917,8199996.0
1828,2100000.0
1573,6149000.0
4415,9499990.5
4749,10640000.0
6234,4499997.96
7031,7249993.1
4654,10749960.8
6284,2389991.7600000002
4208,8149946.199999999
4627,10979964.0
224,2499985.17
723,2269987.5
7263,5499998.100000001
1141,5099985.0
5529,5094972.0
6470,5199999.2
5765,6049973.2
7145,7149996.0
5555,5149000.0
7595,10999978.879999999
2762,7727991.600000001
846,4599985.5
4289,8849915.0
5561,4989978.0
6718,6199993.8
5042,10166974.1
6118,7040900.000000001
2551,6099986.399999999
5726,5989984.4
2928,8599988.1
117,2099989.6
645,2499986.0
5967,4719978.83
3,3499993.0
4170,8099960.0
5852,6599985.0
467,4349982.0
5,8498996.0
5342,4699975.0
919,4799998.199999999
2595,5887000.0
4324,8899976.4
1063,5499991.8
2590,6200000.0
242,2179996.0
6975,3599997.5
1160,6199974.9
2870,8299987.5
3735,7499977.0
7325,6999993.0
2397,9249993.6
3517,9749980.799999999
3421,8099995.6
2563,6499993.5
6768,2089997.0
5623,5949996.800000001
1605,6249998.800000001
7717,5599976.0
2324,4149991.6
2709,5600000.0
7039,6699996.0
1312,5299966.8
3448,7599990.0
3812,7499981.5
6086,6349996.8
7448,8179991.399999999
2362,9499981.4
1975,2949995.7
3514,9499978.6
1761,7299977.8
5401,6799966.23
2739,7199985.600000001
5638,5389973.7
7458,9699960.0
2472,7739985.0
6739,2549989.0
4007,7749972.0
4718,11449953.9
6178,4399984.800000001
1493,6199979.0
4206,8099975.0
6372,4950000.0
2158,2999991.0999999996
1169,4999972.0
7236,8699000.0
232,2519990.0
66,1999982.4000000001
1603,6399975.0
6169,5184980.62
3283,9099991.399999999
3596,6999970.0
6289,3099993.3
4632,10989990.0
125,2400000.0
6230,4199999.399999999
5350,5099987.3
1296,5749963.2
1976,2899990.46
7237,8499988.8
7181,8749975.0
2075,6003485.399999999
4580,9699974.0
5751,6149993.9
7561,12219952.000000002
3086,8149980.300000001
6952,4999986.0
3345,3649996.5
7156,7799988.0
5871,6399997.2
6507,4799991.0
2797,8299995.0
918,4749971.5
1646,6798983.999999999
5122,8100000.0
5126,7999992.0
4978,12256956.999999998
5431,6799993.2
6843,5099990.0
4621,10499950.0
6810,5999994.0
364,6949989.9
3287,8899990.0
2125,3998998.4
4123,7748937.0
4569,9899976.0
525,2299991.1
4821,8998996.0
55,2198997.5
638,2749984.0
302,2189988.4
2766,8199994.8
5812,6199998.0
1276,6319998.0
7501,10799964.0
4720,9949966.0
2055,6099999.5
5376,4299994.2
5145,7549976.28
4432,8998965.5
3644,5948982.5
4143,7789968.800000001
2878,6999958.0
4202,8198965.199999999
6494,4949995.5
5175,6729890.000000001
2286,4249997.5
2261,3699995.0
5240,7200000.0
7130,4644496.5
2296,3999996.0
5933,5397000.0
1753,7599961.6
5197,6349975.8
1968,2849982.0
6961,4499996.8
3117,9499974.0
2393,9099980.0
523,3049972.2
6377,4400000.0
6789,4899998.399999999
5524,5349978.0
6678,5499000.0
3900,4999990.399999999
7464,8998967.0
4699,11599981.600000001
5586,5149999.8
7071,6491981.0
3122,9499997.0
6778,4099985.6199999996
4156,6699959.0
1969,3098974.2
671,2249992.4
4188,8499997.299999999
666,2199993.6
6940,6409260.0
1887,7699995.699999999
3266,8999982.5
280,3099983.4
1719,6859987.2
2947,8999988.3
4455,8499984.0
899,5400000.0
6032,6499990.8
7754,6749965.8
6091,5999970.4
7020,3459996.0
760,3448995.0
6255,3200000.0
1906,3089965.0
4042,8299963.0
3823,6779976.399999999
4138,7889972.0
3818,6898951.4
6270,2490000.0
4300,8998928.200000001
5570,5099996.5
6197,4489992.0
2593,6112486.8
4164,8399968.0
3031,8292998.4
5972,6299982.0
3579,7769979.600000001
2832,8199992.4
5449,6449980.699999999
3472,6733995.4
6328,3749989.5
137,2149992.0
4892,8249993.100000001
2180,2850000.0
2128,3849996.0
3177,8799980.0
4854,9449964.0
4637,9949972.5
5115,8279991.0
6985,3240000.0
4261,9198948.0
4344,10970000.0
1331,5699972.2
2017,2599992.0
4542,10669910.0
2482,6999984.0
1358,5599966.0
6942,5999994.0
6242,3889988.1300000004
1329,5589980.800000001
7984,5199996.2
6882,6299995.4
7885,4749989.5
2150,2839995.0
4530,10044000.0
2122,4399992.0
4673,11199968.600000001
3981,7699950.0
6997,3399990.0
1252,6249999.0
3278,8599977.0
3374,4800000.0
2814,8099987.5
4719,10299956.2
6545,5699982.6
1848,2909970.0
4858,9998954.0
3037,8349963.44
388,6599964.0
235,2249980.6
1077,5249972.0
1984,2698996.1999999997
4363,10699930.0
3962,6689986.0
770,3199975.0
2165,2700000.0
4533,8889971.200000001
673,1989988.0
249,3299982.0
6298,2800000.0
1574,6699985.2
6239,4100000.0
3419,8098989.800000001
2081,5750000.0
1823,2199993.6
7410,8449974.0
7654,6099994.4
4544,10399966.8
5566,4889988.1
716,2398990.8000000003
7460,9990000.0
7475,9899990.8
2048,6499993.5
5998,7499965.38
6601,4999987.98
5264,6879967.800000001
4178,8499994.899999999
4809,8049987.0
2724,7648998.0
7241,8752986.299999999
1460,5979987.0
6915,3099990.0
5990,5889978.0
1668,5799988.0
2756,7459881.17
2000,2150000.0
4571,9899979.5
4613,10649999.2
7443,10499948.8
404,5549973.0
384,6399972.0
7194,7700000.0
2152,2809990.5
1633,6999993.0
7338,7149990.399999999
5581,5300000.0
4784,11799973.9
7881,3449996.0
6971,3999996.0
3925,5899986.399999999
5336,4999979.0
4158,6650000.0
4948,12990000.0
5899,6714972.0
7262,6158553.6
5358,4799995.2
223,2899995.9
2193,1900000.0
3136,8749974.4
4469,7949961.9
1824,3000000.0
7357,7899967.5
5124,8024975.7
4972,12509976.0
797,3999999.0
2871,8499972.600000001
9,3359967.0
6594,4899986.05
1944,2819976.3000000003
1838,7648997.7
4804,9099975.6
255,3249972.0
7027,7999996.800000001
5714,5799981.8
4485,8999998.799999999
7218,8557692.0
1581,7099964.8
2956,8689975.0
924,4599989.399999999
7700,6200000.0
7931,4999982.0
2508,7199989.5
6133,6717150.0
5024,10799971.0
5320,4449984.0
6646,4649982.399999999
6043,6999978.600000001
3775,6749994.0
4835,8399976.0
4136,7109000.0
4964,12599956.5
2779,8099998.4
539,2099988.0
2745,6999991.5
7201,7199999.1
7317,8499964.8
6820,5899971.399999999
5467,6191991.0
1145,5899986.0
5127,7998977.0
4468,8449974.0
667,2069995.2
3019,8799989.4
357,7099987.6
5063,9898962.0
2831,8462228.4
2783,7999989.600000001
1353,5799973.600000001
5131,7789991.82
7115,7479540.0
470,4489964.7
2703,4959993.600000001
3330,8389999.8
3637,6348970.5
1396,5949987.0
3584,7599981.0
7188,8599987.5
5262,5749978.0
5646,5499987.3
3376,4999999.9
1256,2689994.0
6191,4249991.76
3512,9749945.4
5652,5649980.0
5779,5699988.0
1250,6600000.0
5796,6099999.899999999
5348,4399985.0
7689,5949989.7
4298,8599978.5
3284,8698988.399999999
2933,8499985.0
4175,7899990.1
5268,5798967.6
4910,14599962.0
1852,7989998.0
6317,4200000.0
6816,6199965.0
7492,10299960.0
7787,5499976.0
2105,5399994.6
133,2149973.0
5236,6299974.8
5029,10749997.6
928,4419976.0
823,4599980.0
7280,5814999.6
1531,5649997.3
1214,6499986.68
504,2979987.5
4285,8999975.200000001
6492,4809977.12
1996,2609998.4
6531,4998990.44
3072,8000000.0
1958,2742976.86
1384,6099979.600000001
894,5219988.0
4924,13998960.0
455,4699981.2
6620,5498999.2
5780,5599990.4
7418,9099988.0
3709,7449988.8
7389,7899995.4
4849,9099975.91
4748,9499974.6
4268,9499978.799999999
3522,9528966.5
4134,7299951.600000001
3602,6989953.2
7823,3699999.0
713,2299994.0
4186,7899969.6
2214,4800000.0
5301,4799995.2
2923,8699999.0
7259,6158553.6
1810,7949969.0
3486,10889989.5
3141,8549982.0
1827,7499988.0
1155,5399984.88
1324,5249968.0
4312,8599990.0
510,2599987.5
1680,6799987.5
499,3699996.3
7266,5899995.0
1856,2999991.6999999997
1388,7279990.199999999
5616,5599987.0
3719,6999966.0
2386,5049987.5
5542,4998976.0
3236,8999970.0
6173,5049976.8
1540,4989984.0
1217,6399968.3
2681,4998988.8
7827,3438000.0000000005
2993,7599989.9
5512,5399977.92
6314,3999996.0
1191,5989999.8
5773,6000000.0
5293,5199992.0
1542,6498974.720000001
3301,8889974.4
3324,8699985.0
7057,7199993.0
2539,6840000.000000001
953,3999994.8000000003
7177,7099996.5
6732,4889971.0
4846,9849996.0
6802,5489984.0
4330,11849971.0
732,2499997.5
7999,4869982.279999999
1156,5249970.0
7417,8899955.1
3294,9199998.8
6542,5699987.4
2982,7799990.0
5305,4899500.0
5161,7249983.0
2156,3049998.6
1062,5669973.0
2616,6370037.2
1167,5899992.0
3222,9249999.0
3636,6349980.0
5589,5999983.5
2938,8599991.4
7092,5920050.0
7193,7999992.0
4491,9499978.8
3140,9199972.799999999
4980,12189996.0
143,3219982.1
7932,4399987.2
3577,7899993.2
4946,12999991.200000001
2782,7989982.0
717,2289997.8000000003
1819,2999993.5999999996
2502,6900000.0
4360,10299941.5
4171,8348961.6
6589,5099986.8
395,6199968.0
5732,5498994.899999999
6321,3999996.7
7187,8899968.0
7734,5199994.17
4492,9649935.0
1365,5999964.0
7301,10849977.6
6000,6630750.0
595,3699996.9
6206,4299984.0
3952,6499995.3
5392,4899979.5
5918,6699978.600000001
4968,12499998.0
2914,8644984.5
7886,3849985.6999999997
2326,3449990.6999999997
5645,5499989.0
3766,6589975.2
3440,7529970.0
3851,6399960.0
4132,7699969.640000001
6807,5499994.5
7507,11100000.0
2143,3337497.8000000003
7992,5249984.4
5073,9245000.0
1571,6449998.0
4079,7499940.0
1122,5799963.0
2786,7999988.0
6336,3249993.0
2967,7999984.2
2504,6899989.1
5989,5899980.0
3465,3249975.3000000003
675,2369991.0
2808,8499976.8
7165,8499991.5
3348,3600000.0
728,1899996.0
412,5199878.4
3146,8974969.299999999
1516,5189998.0
5746,6169979.5200000005
825,4649986.5
3267,2899995.0
3974,6498974.199999999
616,3399998.0
114,979993.2000000001
417,5849963.1
3069,7900000.0
1625,7100000.0
7114,7499998.8
6749,2989992.0
7927,4999995.0
4185,8198991.0
2896,8699994.6
7478,9999992.700000001
2082,5749999.399999999
753,2799990.0
2546,6399982.5
3969,6699996.0
3373,4699986.2
5727,5499987.899999999
4107,6999937.199999999
2444,7849980.2
4380,9878990.0
1066,5500000.0
3913,4599982.1
5287,5199994.2
5537,5149984.0
5387,5349980.0
5733,6299988.5
3498,10349976.0
2738,7150000.0
5052,10199984.399999999
4000,7299936.0
1568,6849968.4
2427,8699985.0
3746,7199976.0
6834,5699970.0
7421,8098965.600000001
1687,7499983.5
851,4504982.0
3546,8489982.799999999
6304,4299988.0
895,5299973.9
4592,9199996.2
6402,4449991.7
5879,5849987.399999999
335,3199984.8000000003
2839,8239977.0
3087,8500000.0
4611,8599986.0
1348,5299982.100000001
1015,5389991.8
2816,8040000.000000001
1631,6799970.1
2489,6349998.2
3730,7389951.0
6906,2750000.0
3251,9199980.899999999
7415,8999960.5
7268,5299996.800000001
5878,6799961.1
6666,5700000.0
5882,5999987.199999999
2070,5746986.0
4452,8249988.999999999
7811,4189988.0
5408,5299997.7
1635,6199982.4
4646,10599994.4
6485,4999983.3
2479,7198992.800000001
6618,5200000.0
2265,3699995.0
2959,7799992.199999999
5323,4799977.2
7566,13899979.8
3059,8249999.06
5053,9499972.0
5870,5799991.199999999
2141,3389990.4
5104,8398974.399999999
3118,9498988.0
5188,6600000.0
7557,8549997.0
4045,8199964.5
3356,3449990.3
2744,6949995.399999999
7254,3949995.0
5092,8499996.3
3506,10199982.5
1679,5699980.0
4249,8599962.799999999
3147,9099993.7
2294,4199999.2
7005,3399992.4
6934,2699983.4
580,2199996.0
1470,5949964.0
4799,10999960.5
4070,7799959.0
5308,4649993.4
3343,8960000.0
4992,11899985.0
7405,8299946.499999999
4583,9498993.0
3672,6298965.0
559,1599995.0999999999
5237,6189962.5
5215,6249975.6
2849,7799996.8
512,2849990.0
4729,9899988.0
1081,4999972.0
1664,7049964.6
1012,4999993.600000001
1931,3199968.0
1150,5899988.0
2838,8517986.0
5950,4849987.5
116,2329992.6
740,2049994.4000000001
7685,5149999.0
6071,6499993.5
5177,6578300.0
3675,6099975.0
5907,6499986.0
830,4589986.899999999
119,3589992.0
4752,11099980.8
7640,7199993.6
7985,5148988.0
7914,4869975.6
635,2899978.0
4465,7949995.800000001
4364,10100000.0
6800,5549990.0
7080,6199995.0
6967,4229998.0
7011,4199994.0
4142,7349967.0
7028,7399987.2
991,4998967.0
876,4949994.5
4869,10499937.7
5315,4984980.0
5222,6099998.4
4,10999939.2
3051,7499992.5
5692,5299977.0
3124,9499982.8
6408,4489983.9
7137,6999990.2
2660,5499000.0
2491,5949991.2
7147,7024992.0
5173,6489973.0
3854,6199956.0
4933,13533340.200000001
4777,11700000.0
1715,6749982.0
6449,5199992.2
6714,6659994.0
6458,4744982.55
6294,2499997.8000000003
1148,5729978.0
3261,2899985.1999999997
574,1749995.0
3769,6899955.600000001
3736,7299991.5
4146,7249984.5
853,4729988.7
1982,2699995.3000000003
2774,8349994.399999999
5920,5799998.8
4929,13699974.399999999
5211,5998971.0
1166,5098995.0
6615,4999994.699999999
6003,7099994.199999999
971,5149980.0
2701,4290000.0
4495,9879993.9
6656,5350000.0
3847,6429995.0
2368,9499974.0
4115,7519969.199999999
4780,8914941.0
4131,7599988.0
2950,8427119.3
5626,5449986.0
6972,3989994.0
524,2949991.0
2455,7999967.5
5016,11499987.200000001
1841,2100000.0
5987,5799990.0
537,2199983.4000000004
2806,8299979.4
5802,5898970.0
5597,5399993.899999999
7207,8299976.6
7344,7479960.0
4341,10999950.4
3175,8799964.0
784,3489988.0
4057,7989975.0
1409,7099995.0
2537,6649982.82
154,2954966.4
3009,8739990.0
1686,3799968.9000000004
2901,8699991.3
7926,4800000.0
7456,9799997.4
4721,9990000.0
3863,6099949.5
2733,7399991.4
1895,7689989.95
5442,6499980.0
569,1699984.0
6710,2349993.3
5855,6484985.5
1816,7849994.4
2065,8149997.1
127,2299980.0
3394,6005291.5
3327,8399981.8
7979,5099996.3
6103,6369990.0
2975,8149988.0
980,5199980.8
2300,4399991.0
190,2899974.0
1139,5998986.0
5088,8649978.0
699,1500000.0
7641,7299985.0
606,3699985.5
4276,9199957.5
301,2349996.0
6641,4999975.2
3420,8099970.399999999
7706,6299975.0
1060,5499983.7
7768,6524983.8
7843,2890000.0
2565,6279996.800000001
7995,5100000.0
1069,5399991.3
2524,7199996.8
2205,9449975.2
1243,6099994.0
7340,7749978.0
16,6939998.800000001
3120,9499990.5
7982,5089978.399999999
4642,10599979.4
4754,11299952.000000002
815,3949984.1999999997
3067,8499988.5
7648,6499993.5
5601,5799969.0
959,3699969.0
7023,8799982.0
6428,4999978.800000001
4893,15268500.0
7445,9599973.600000001
225,2850000.0
6171,4500000.0
3354,4028991.0
5896,6600000.0
2485,6500000.0
562,1499989.3
3436,7799994.0
6374,4449984.0
6182,4699982.8
1693,2249984.0
6894,6799980.0
1045,5100000.0
3446,7499988.4
4565,9849996.0
954,3899970.1
7978,5499984.0
2735,7199986.2
7968,5299987.12
4735,9889979.0
7709,5799995.7
1218,6499971.5
5254,7149988.800000001
5511,5299980.0
7614,9999963.0
1527,5719993.3
3987,7499967.2
7902,4899998.399999999
1300,5548978.199999999
7829,3450000.0
6945,5699988.0
5700,5499990.0
160,2759988.0
4067,7999936.399999999
5801,6299976.6
956,4899972.0
3791,7449969.6
3234,9299981.0
2869,7699980.399999999
3777,6998987.8
4433,9499953.6
4973,12699990.8
6016,7169979.6
2961,8749975.0
5981,5999981.399999999
2200,1749996.4000000001
98,1500000.0
7779,6939970.8
2557,6599985.0
3183,8799966.600000001
7395,8299956.600000001
253,3499965.8
3923,5899971.7
4199,7699989.6
1445,6700000.0
5540,5149980.0
1648,7169994.9
4682,10999000.0
4723,10650000.0
3991,7949977.600000001
1696,7200000.0
3191,9099972.0
6198,4369980.2
6296,2649995.4
4499,9740500.0
1154,5688000.0
2255,4349994.0
6960,4700000.0
1682,6899993.100000001
3170,8798985.8
7401,8149948.800000001
2056,6349993.0
7159,8000000.0
4090,7499935.000000001
7801,4249995.2
3108,9499990.5
4548,10163988.799999999
3723,7149992.0
6398,4699988.16
5423,6849997.199999999
7041,6700000.0
2049,2699983.4
4976,12299973.0
3643,6198955.2
7896,2790999.9
623,3899973.6
6490,5099983.600000001
7699,6200000.0
5884,7099981.2
262,2999970.1
5731,6349996.1
3369,4989983.600000001
4061,7799967.0
5535,4900000.0
6295,2789992.8000000003
6066,6299989.2
6617,5100000.0
1802,2979999.0
4736,9599980.0
7993,5200000.0
2385,9299997.6
6695,2250000.0
5760,6199989.600000001
1959,3135974.4
2976,8200000.0
488,4099985.3000000003
1843,2199987.0
1734,7599994.1
2911,8899984.799999999
3219,9149984.0
146,3099994.2
5631,5299986.600000001
1986,2799997.5999999996
1369,5899982.0
6547,5299985.75
6052,6899976.0
7099,5500000.0
2811,8340974.399999999
659,2149994.0
1794,2539998.0
7517,9999895.5
2511,7499999.800000001
3397,6099986.5
4282,8899980.0
1147,5199994.8
3272,8999984.0
608,3499977.5999999996
6288,1950000.0
6896,7099996.5
3582,7879969.6
1930,6699993.6
7126,4552485.600000001
197,2619990.0
2931,8900000.0
2327,3549996.0
4389,9349932.9
766,3289967.1
4496,9899974.0
4218,7999992.0
3255,9399991.6
202,2799972.5
3510,9699962.0
4931,13699997.299999999
6391,3150000.0
5536,5099973.6
1733,1999998.0
5792,5899982.0
2777,7599992.4
1707,6516973.0
5172,7017994.600000001
5249,7199989.500000001
5758,6099999.899999999
3474,3499980.0
6529,5099994.9
7759,6449977.8
5856,6300000.0
854,4749975.0
5686,5349994.8
6364,3590000.0
4737,10198996.5
4097,7199950.2
2160,2599993.0
698,4299982.2
7923,5099986.319999999
2999,8999979.8
3696,6499968.0
1636,6749989.4
7281,6489993.6
7555,10599976.0
3457,6249990.0
3581,7499975.9
1291,5949979.2
4659,11248988.0
6586,5049998.800000001
5617,5999994.0
1853,2999650.0
5232,6999978.3
3763,6999998.2
3304,8706984.0
7871,4200000.0
5728,5499978.0
3743,7199967.6
3445,7499987.600000001
1998,2969999.0
663,1949990.4000000001
4779,11699986.34
5353,4999986.2
7776,6599985.0
3748,7399998.0
4413,9399970.5
4744,10554969.600000001
5530,4949984.0
5576,4999982.0
709,2554998.0
7527,8999958.0
1282,6249999.1
5865,6689976.0
5068,9415840.0
2675,5000000.0
6777,3999996.0
4029,7488960.0
1306,5499960.9
5496,5698986.5
5504,5349994.8
7393,8499966.0
2237,4549998.3
3302,8688874.200000001
5593,5499972.8
7516,9999984.0
2038,2949994.2
1529,5599986.15
1663,6699000.0
5450,5999994.0
7905,4299998.3
7934,4999982.0
3627,6299976.0
5740,5479996.0
5147,7717473.22
4891,12749974.5
2693,4750000.0
3060,8200000.0
1597,6499979.0
6701,1724983.0
2729,7267500.000000001
2625,6849987.199999999
5916,5949981.6
3157,8699988.0
3314,8699985.799999999
1722,7249984.0
5279,6999993.0
6669,5649994.9
1059,5499986.8
4636,10899920.0
3242,9289996.200000001
1678,7099987.5
6893,6800000.0
6375,3449996.0
7575,13499983.999999998
6629,5199986.88
1757,7299972.0
6020,7049976.5
4191,8498991.600000001
5116,8499999.6
563,1349988.0
7409,8698984.0
2790,7799979.0
863,4400000.0
7743,6285293.82
1484,6379981.899999999
7036,6999999.0
7722,6899992.9
5978,6849997.5
5134,7799993.0
206,2499978.0
4488,9699981.4
6939,6479985.6
870,4749973.399999999
4493,9699965.5
6911,2979990.0
502,3798983.7
7386,6800000.0
1028,5499975.0
3840,6299983.2
2690,4651996.600000001
5582,5298992.9
6757,1999996.0
5056,9729084.6
1570,6798974.0
2773,8199995.4
5992,6848639.999999999
2731,7489990.8
6243,3899992.5
804,2999992.5
5848,6699980.100000001
3645,5998977.0
2454,7999992.0
4598,8899991.1
7216,8699982.6
3104,4799989.0
7074,6019994.4
4875,10549958.4
5960,4699989.0
200,2550000.0
6279,2798994.0
3099,9199971.0
6185,4299986.600000001
7162,8199996.0
2278,3200000.0
3561,8599992.14
5893,6749989.399999999
4474,8000000.0
6433,4899984.0
4514,9989919.1
5795,5849972.899999999
391,6549998.0
6737,3199995.0
5619,5599976.0
5258,6099984.0
7231,3899991.6999999997
1495,5789990.399999999
2695,4429997.0
2027,2449992.0
5248,6899988.04
5463,5599995.0
2568,6759000.0
64,2049999.0
3884,5499967.0
2062,8099991.36
5276,6999984.600000001
7209,8290000.0
492,3999990.0
379,6600000.0
6332,3549994.2
4859,10298988.0
6361,4400000.0
3993,7499956.399999999
4887,10749930.9
1076,4999989.0
878,4999995.0
337,1899987.0
6864,6649993.899999999
7893,4899996.3
6440,4899985.0
7870,4374994.62
1016,5499977.6
1275,6499962.800000001
3798,6899970.0
7630,8099978.4
4551,10299993.6
3342,3299990.1999999997
4911,12299994.0
6414,4999977.5
995,4749999.3
1981,3000000.0
4297,8809927.98
161,2999973.0
5676,5689984.0
6874,6299979.720000001
6546,5549984.0
4798,11489973.1
1500,5799983.0
3843,6499971.0
5225,6319995.0
2613,6599988.0
3461,3199988.0
1021,5499959.119999999
3073,7799996.4
7556,10599976.0
3943,5789991.9
1585,7199993.6
1955,3149990.6
3152,8999996.0
6350,3249990.0
34,2899989.0
4014,7649947.200000001
775,3349964.8000000003
2556,6699997.2
7596,11499970.3
1478,6599986.5
7100,5899994.100000001
5486,5789961.0
6236,4699976.8
1363,6099980.0
7042,6699986.500000001
2612,6399993.21
7514,10189972.0
2824,8198995.0
2041,6540000.0
241,2199999.9
2061,7949969.0
2363,5000000.0
600,4449995.7
2435,8199990.0
5393,4798973.0
6311,4199984.0
2888,8600000.0
6165,4889986.4
646,2550000.0
3890,5499000.0
3556,8299998.0
3202,9199980.0
1528,5499980.0
6976,3849994.1999999997
1267,6498966.6
7735,5283988.41
1899,8429997.4
4658,11654019.600000001
3005,7599981.4
2734,7379999.6
7102,6819983.100000001
189,2899988.0
1806,2730000.0
975,4749981.0
2747,7298981.600000001
7644,6699985.2
2047,3128996.0
7850,2390000.0
2558,5749986.0
1082,5199992.2
474,4099981.2
7729,6669980.4
2904,8499995.0
4843,9049956.299999999
6397,4699992.96
4117,7299949.600000001
3385,5899993.0
4555,9999958.0
1184,6099975.0
6421,4549977.4
5051,9899989.2
5311,4589974.399999999
2433,8599987.8
6950,4998989.899999999
7582,12599976.530000001
5612,5900000.0
2391,9299990.0
769,2989992.0
7477,9383982.4
1685,3799996.2
130,2349982.8
7832,3399000.0
2919,8899980.0
3171,8999996.0
3444,7399980.800000001
6232,4499985.0
5579,4999995.0
4426,8989968.0
5334,4989973.8
466,4899972.0
6266,2799992.0
5735,6749988.0
3092,8249996.5
3772,6550000.0
5191,6599992.8
5226,5949984.0
5390,4899994.8
860,4499979.9
7604,10199986.399999999
7271,6399990.0
